Very Happy,Happy,Neutral,Sad,Very Sad,Timestamp
0,0,0,1,0,2023-01-01 12:06:25.479938745
0,0,1,0,0,2023-01-01 13:36:24.632622004
1,0,0,0,0,2023-01-01 13:38:35.306253672
0,0,0,1,0,2023-01-01 16:58:07.817297697
0,0,0,1,0,2023-01-01 17:52:03.533967494
0,0,1,0,0,2023-01-01 18:47:41.185330153
0,0,0,1,0,2023-01-01 19:37:20.012108564
0,0,1,0,0,2023-01-01 21:10:18.023594856
0,1,0,0,0,2023-01-02 01:36:33.909220219
0,0,0,0,1,2023-01-02 04:42:35.879118204
0,1,0,0,0,2023-01-02 08:25:39.498895645
0,0,1,0,0,2023-01-02 08:47:13.669200182
0,0,1,0,0,2023-01-02 09:00:34.724338770
0,1,0,0,0,2023-01-02 16:05:56.975610256
1,0,0,0,0,2023-01-03 02:51:02.782028198
1,0,0,0,0,2023-01-03 06:56:15.846514225
1,0,0,0,0,2023-01-03 14:34:41.996333838
0,0,1,0,0,2023-01-03 19:59:21.913286924
0,0,0,1,0,2023-01-04 03:30:36.797425985
0,0,1,0,0,2023-01-04 08:13:10.216038227
0,0,0,1,0,2023-01-04 16:26:48.054332018
0,1,0,0,0,2023-01-04 17:41:58.640615225
0,0,0,0,1,2023-01-04 18:55:59.615298033
0,0,0,1,0,2023-01-05 11:45:52.080179930
1,0,0,0,0,2023-01-05 12:31:59.580088854
0,0,1,0,0,2023-01-05 15:51:30.104567766
0,1,0,0,0,2023-01-05 21:39:30.409904957
1,0,0,0,0,2023-01-06 03:38:21.567312241
0,1,0,0,0,2023-01-06 04:32:25.448610544
0,0,0,0,1,2023-01-06 04:49:55.957625389
0,0,1,0,0,2023-01-06 09:43:30.506266117
0,0,1,0,0,2023-01-06 16:24:32.259813309
0,0,0,0,1,2023-01-06 16:27:14.419727325
0,0,1,0,0,2023-01-06 18:12:42.261705637
0,0,0,1,0,2023-01-06 18:34:23.236870527
0,1,0,0,0,2023-01-06 19:12:37.969912052
1,0,0,0,0,2023-01-07 03:05:25.515679358
0,0,0,0,1,2023-01-07 03:43:51.901762009
0,0,0,1,0,2023-01-07 08:50:22.667920113
1,0,0,0,0,2023-01-07 10:03:14.663804531
1,0,0,0,0,2023-01-07 12:51:25.029247284
0,0,0,0,1,2023-01-07 14:27:31.457699537
0,0,0,1,0,2023-01-07 14:47:30.306313515
1,0,0,0,0,2023-01-08 01:46:53.811123848
1,0,0,0,0,2023-01-08 08:33:25.902894974
0,0,0,1,0,2023-01-08 12:19:10.128394365
0,0,1,0,0,2023-01-08 17:05:26.991255999
1,0,0,0,0,2023-01-08 19:38:30.174109221
0,1,0,0,0,2023-01-09 00:09:17.436614275
0,0,0,1,0,2023-01-09 03:27:42.014693499
1,0,0,0,0,2023-01-09 04:34:49.731496572
0,0,0,0,1,2023-01-09 21:46:38.761023998
0,1,0,0,0,2023-01-10 07:08:48.553802252
1,0,0,0,0,2023-01-10 09:52:48.228454828
0,1,0,0,0,2023-01-10 16:46:43.157273293
0,1,0,0,0,2023-01-11 02:32:52.984013081
0,0,1,0,0,2023-01-11 02:52:51.481522322
0,1,0,0,0,2023-01-11 12:58:01.163523912
0,0,1,0,0,2023-01-11 22:26:29.113838434
0,0,0,1,0,2023-01-12 00:59:19.039459467
0,0,1,0,0,2023-01-12 01:08:00.295040607
0,0,0,0,1,2023-01-12 04:42:24.368707180
1,0,0,0,0,2023-01-12 12:42:41.717597723
0,0,0,1,0,2023-01-12 12:48:50.493813992
0,0,0,1,0,2023-01-12 15:48:13.743508339
0,0,0,0,1,2023-01-12 17:55:29.848042011
0,0,1,0,0,2023-01-12 19:22:34.113303423
1,0,0,0,0,2023-01-13 01:47:13.396981478
0,0,1,0,0,2023-01-13 06:20:22.071158171
0,1,0,0,0,2023-01-13 09:50:00.280037403
0,0,1,0,0,2023-01-13 09:57:27.686327219
0,0,0,1,0,2023-01-13 11:53:20.069423914
1,0,0,0,0,2023-01-13 13:54:40.760289907
0,0,1,0,0,2023-01-13 17:42:47.062291861
1,0,0,0,0,2023-01-13 22:50:43.867031574
1,0,0,0,0,2023-01-14 03:32:44.900083065
0,1,0,0,0,2023-01-14 21:44:42.618155718
0,1,0,0,0,2023-01-15 01:38:22.430427313
0,0,0,1,0,2023-01-15 03:41:09.804906845
0,0,0,0,1,2023-01-15 04:41:16.191592932
1,0,0,0,0,2023-01-15 08:44:42.316156149
0,0,0,0,1,2023-01-15 12:46:04.348820448
0,0,0,1,0,2023-01-15 14:45:52.467401505
1,0,0,0,0,2023-01-15 17:01:36.855030298
1,0,0,0,0,2023-01-15 20:59:20.106980562
0,0,0,0,1,2023-01-15 21:24:03.615985394
0,0,1,0,0,2023-01-16 03:11:46.855696201
0,1,0,0,0,2023-01-16 13:20:27.656955242
0,0,1,0,0,2023-01-16 15:44:55.142249346
0,0,0,0,1,2023-01-17 04:58:03.282478809
0,1,0,0,0,2023-01-17 06:05:30.011031151
0,0,1,0,0,2023-01-17 08:54:26.106876850
0,1,0,0,0,2023-01-17 09:20:12.672966719
1,0,0,0,0,2023-01-17 09:56:15.619490385
0,0,1,0,0,2023-01-17 11:21:26.520957947
0,1,0,0,0,2023-01-17 20:08:28.480973005
0,1,0,0,0,2023-01-17 23:08:09.955651522
0,1,0,0,0,2023-01-18 08:54:04.038929939
0,0,1,0,0,2023-01-18 15:21:42.234973431
0,0,0,1,0,2023-01-18 18:07:06.893989801
0,0,1,0,0,2023-01-19 02:38:38.380517721
0,0,0,0,1,2023-01-19 12:33:16.906437397
0,0,1,0,0,2023-01-19 12:53:16.033189297
0,1,0,0,0,2023-01-19 21:05:07.069641113
1,0,0,0,0,2023-01-19 22:12:36.561222792
0,0,1,0,0,2023-01-20 01:25:11.152415991
0,0,1,0,0,2023-01-20 03:43:36.634104013
0,1,0,0,0,2023-01-20 04:51:06.971395016
1,0,0,0,0,2023-01-20 05:38:29.622966528
1,0,0,0,0,2023-01-20 17:40:15.049978971
0,0,0,0,1,2023-01-20 22:25:20.650973558
0,0,1,0,0,2023-01-21 01:14:25.943701506
1,0,0,0,0,2023-01-21 02:31:35.045742035
1,0,0,0,0,2023-01-21 05:33:34.606252909
0,0,0,1,0,2023-01-21 21:31:08.019116163
0,0,0,1,0,2023-01-22 06:57:13.917485952
1,0,0,0,0,2023-01-22 07:34:08.332456112
0,0,0,0,1,2023-01-22 09:43:16.712013960
1,0,0,0,0,2023-01-22 11:16:11.459265232
0,1,0,0,0,2023-01-22 15:42:08.076130867
0,0,1,0,0,2023-01-22 16:23:41.362235546
0,0,0,0,1,2023-01-22 18:04:50.391525745
0,1,0,0,0,2023-01-22 23:25:39.003819942
0,0,0,0,1,2023-01-23 02:45:05.212644339
0,1,0,0,0,2023-01-23 14:48:29.541296244
0,0,1,0,0,2023-01-23 17:02:45.578298330
0,0,1,0,0,2023-01-23 22:58:29.817834139
0,0,0,1,0,2023-01-24 00:32:53.525163412
0,1,0,0,0,2023-01-24 03:43:29.338860750
0,0,0,1,0,2023-01-24 04:12:04.071775913
0,1,0,0,0,2023-01-24 05:49:47.237543344
0,0,0,1,0,2023-01-24 06:03:41.498888254
0,0,1,0,0,2023-01-24 10:59:53.736402035
0,0,0,0,1,2023-01-24 13:30:48.051668644
0,0,0,1,0,2023-01-24 19:02:03.012120724
0,1,0,0,0,2023-01-25 20:53:35.854385138
0,1,0,0,0,2023-01-25 22:49:08.313966751
0,0,1,0,0,2023-01-26 09:03:34.702633858
0,1,0,0,0,2023-01-26 12:24:24.205841303
1,0,0,0,0,2023-01-26 18:08:20.598225355
0,0,0,0,1,2023-01-26 20:41:29.737582207
0,0,0,1,0,2023-01-26 20:50:00.689465046
0,0,0,0,1,2023-01-26 23:31:42.210705042
0,0,1,0,0,2023-01-27 00:43:08.241201401
0,0,0,1,0,2023-01-27 06:17:22.797813654
0,0,0,1,0,2023-01-27 08:19:20.213511467
1,0,0,0,0,2023-01-27 11:43:47.146373987
0,0,1,0,0,2023-01-27 19:42:16.121501446
0,1,0,0,0,2023-01-28 06:57:01.361919880
1,0,0,0,0,2023-01-28 11:12:19.839802265
1,0,0,0,0,2023-01-28 13:45:57.670732260
0,0,0,0,1,2023-01-28 14:54:48.918926477
0,0,0,0,1,2023-01-28 22:02:29.052355051
0,0,0,0,1,2023-01-29 00:22:44.095399380
1,0,0,0,0,2023-01-29 02:19:00.133828402
0,1,0,0,0,2023-01-29 02:33:08.696020603
0,0,0,1,0,2023-01-29 09:35:52.427489758
0,0,0,0,1,2023-01-29 18:06:53.350626945
0,1,0,0,0,2023-01-29 19:51:46.827506304
0,0,1,0,0,2023-01-29 23:29:31.404318810
0,0,0,0,1,2023-01-30 05:55:54.141972065
0,0,0,1,0,2023-01-30 09:24:08.860122442
0,0,1,0,0,2023-01-30 11:53:41.706475735
0,0,1,0,0,2023-01-30 14:37:11.421720982
0,0,0,1,0,2023-01-30 17:21:43.482041121
0,0,0,0,1,2023-01-31 01:31:20.892084599
1,0,0,0,0,2023-01-31 04:44:49.620660543
0,0,0,1,0,2023-01-31 10:45:08.616926908
0,0,0,1,0,2023-01-31 13:25:28.150168896
0,0,0,1,0,2023-01-31 15:46:30.098082542
0,0,1,0,0,2023-01-31 16:58:13.662434101
0,1,0,0,0,2023-01-31 18:29:31.287137985
1,0,0,0,0,2023-01-31 19:44:06.815833092
0,0,0,0,1,2023-01-31 21:04:27.436850786
0,0,0,0,1,2023-01-31 21:39:55.259753703
0,1,0,0,0,2023-02-01 00:55:19.295290470
0,0,0,1,0,2023-02-01 03:34:36.100637436
1,0,0,0,0,2023-02-01 04:24:47.287409544
0,0,0,0,1,2023-02-01 04:35:46.942724228
0,0,0,0,1,2023-02-01 05:43:35.607094049
0,0,0,1,0,2023-02-01 07:10:38.287038088
0,1,0,0,0,2023-02-01 12:04:24.729344845
1,0,0,0,0,2023-02-01 23:40:42.886924982
0,1,0,0,0,2023-02-02 07:40:27.794515610
0,1,0,0,0,2023-02-02 21:26:32.036160469
1,0,0,0,0,2023-02-03 02:14:04.718331099
1,0,0,0,0,2023-02-03 03:29:53.798380375
0,0,0,0,1,2023-02-03 07:46:30.825816870
0,0,0,0,1,2023-02-03 13:43:23.664911747
1,0,0,0,0,2023-02-03 14:55:41.868905067
0,0,1,0,0,2023-02-03 15:36:00.033203125
0,0,0,0,1,2023-02-03 21:05:09.195777893
0,0,1,0,0,2023-02-04 05:57:14.455220222
1,0,0,0,0,2023-02-04 08:00:22.831373453
0,0,0,0,1,2023-02-04 10:44:02.547959566
0,1,0,0,0,2023-02-04 11:06:30.714424133
1,0,0,0,0,2023-02-04 14:24:35.461477518
0,0,0,1,0,2023-02-05 06:27:42.158605099
0,0,1,0,0,2023-02-05 15:39:49.210662127
1,0,0,0,0,2023-02-05 15:46:01.709046364
1,0,0,0,0,2023-02-05 17:16:16.580467701
0,0,0,0,1,2023-02-05 19:30:35.456236601
0,0,0,0,1,2023-02-06 04:09:14.304751158
0,0,0,0,1,2023-02-06 07:42:25.656630993
0,0,0,1,0,2023-02-06 18:43:45.428199530
0,0,0,0,1,2023-02-06 23:52:20.806403637
1,0,0,0,0,2023-02-07 15:08:18.484696388
0,0,0,0,1,2023-02-07 16:33:35.796537399
0,1,0,0,0,2023-02-07 18:55:08.121386528
0,0,0,0,1,2023-02-07 19:20:02.960627079
0,0,0,1,0,2023-02-08 03:54:51.513854504
0,1,0,0,0,2023-02-08 08:44:52.198097706
1,0,0,0,0,2023-02-08 09:59:04.064853668
1,0,0,0,0,2023-02-08 13:17:48.616650343
0,0,1,0,0,2023-02-08 15:20:42.642565250
0,1,0,0,0,2023-02-08 16:53:34.491594553
0,0,1,0,0,2023-02-08 17:06:09.089411020
0,1,0,0,0,2023-02-08 18:54:38.539094448
0,1,0,0,0,2023-02-08 22:38:15.966047525
0,0,0,1,0,2023-02-08 23:10:12.817966938
0,0,1,0,0,2023-02-09 00:02:00.636669636
0,0,0,1,0,2023-02-09 02:46:09.347571611
0,1,0,0,0,2023-02-09 04:22:37.265599966
1,0,0,0,0,2023-02-09 04:41:41.766115904
0,1,0,0,0,2023-02-09 07:04:09.796681404
0,0,0,1,0,2023-02-09 16:12:55.476843357
0,0,1,0,0,2023-02-09 17:43:02.309787750
0,0,1,0,0,2023-02-09 19:09:10.847060919
0,0,0,1,0,2023-02-09 20:41:24.018232584
0,0,1,0,0,2023-02-09 21:57:58.311863899
0,0,0,0,1,2023-02-09 22:42:36.718122959
1,0,0,0,0,2023-02-10 10:44:39.981186152
1,0,0,0,0,2023-02-10 13:05:57.233712196
1,0,0,0,0,2023-02-10 19:38:57.134274960
0,0,1,0,0,2023-02-11 09:57:06.271409273
0,0,1,0,0,2023-02-11 11:45:02.658451796
0,1,0,0,0,2023-02-11 15:57:45.224615574
0,1,0,0,0,2023-02-11 18:42:16.505455016
1,0,0,0,0,2023-02-11 19:30:00.248714209
0,0,0,0,1,2023-02-11 19:30:10.080919266
0,1,0,0,0,2023-02-12 14:34:22.623405933
0,1,0,0,0,2023-02-12 17:55:05.994866371
0,0,1,0,0,2023-02-12 18:39:21.623585701
0,0,0,0,1,2023-02-12 19:36:31.877974272
1,0,0,0,0,2023-02-12 22:10:54.114933014
0,1,0,0,0,2023-02-13 07:13:16.098395586
0,0,0,0,1,2023-02-13 09:59:58.787549019
0,0,0,0,1,2023-02-13 11:52:54.430985212
1,0,0,0,0,2023-02-13 13:17:04.488241196
0,0,0,0,1,2023-02-13 16:00:11.240692616
0,0,0,0,1,2023-02-13 16:02:42.341247797
0,0,0,0,1,2023-02-13 20:19:00.815947056
0,1,0,0,0,2023-02-14 03:14:30.838997364
1,0,0,0,0,2023-02-14 07:27:13.632282257
0,0,0,0,1,2023-02-14 14:22:19.488643169
0,0,0,0,1,2023-02-14 20:35:54.422629118
0,1,0,0,0,2023-02-14 22:03:13.276814222
1,0,0,0,0,2023-02-14 23:33:22.272624016
0,0,1,0,0,2023-02-15 06:55:42.225317001
0,1,0,0,0,2023-02-16 00:47:46.870578527
1,0,0,0,0,2023-02-16 17:04:11.481344223
0,0,0,0,1,2023-02-16 18:21:19.463931322
1,0,0,0,0,2023-02-16 23:11:33.853961945
1,0,0,0,0,2023-02-17 00:41:49.340387106
1,0,0,0,0,2023-02-17 06:39:12.265326023
0,0,1,0,0,2023-02-17 08:41:37.337345600
1,0,0,0,0,2023-02-17 11:04:33.184224844
0,0,1,0,0,2023-02-17 19:37:59.835825920
0,0,0,0,1,2023-02-17 20:41:54.592950821
0,0,1,0,0,2023-02-17 21:14:30.980368853
0,0,0,0,1,2023-02-18 00:28:07.714032650
0,0,0,0,1,2023-02-18 02:14:59.851207018
0,0,1,0,0,2023-02-18 05:21:40.956614733
0,1,0,0,0,2023-02-18 10:10:39.692436218
0,0,0,1,0,2023-02-18 10:14:16.918239117
1,0,0,0,0,2023-02-18 12:44:20.352958441
0,0,0,1,0,2023-02-18 13:59:31.786903381
1,0,0,0,0,2023-02-18 20:30:38.361853123
1,0,0,0,0,2023-02-18 22:46:55.785189629
0,0,0,0,1,2023-02-19 02:09:21.259904861
1,0,0,0,0,2023-02-19 07:13:42.975865364
1,0,0,0,0,2023-02-19 07:52:26.073081493
0,0,1,0,0,2023-02-19 16:55:39.303128242
0,0,0,1,0,2023-02-19 18:55:54.762285233
0,0,1,0,0,2023-02-19 23:25:22.067502499
1,0,0,0,0,2023-02-20 00:37:32.200150251
0,0,0,0,1,2023-02-20 04:24:28.803025961
0,0,1,0,0,2023-02-20 06:02:27.111919641
0,0,1,0,0,2023-02-20 07:09:20.081725359
0,1,0,0,0,2023-02-20 14:28:13.727169037
1,0,0,0,0,2023-02-20 19:27:00.402873278
0,0,0,0,1,2023-02-21 00:30:49.840703011
0,0,1,0,0,2023-02-21 04:23:21.226656437
0,0,1,0,0,2023-02-21 04:26:15.069007635
0,0,0,0,1,2023-02-21 05:30:19.732801437
1,0,0,0,0,2023-02-21 15:50:18.722814322
0,1,0,0,0,2023-02-21 16:19:10.165774584
0,0,1,0,0,2023-02-21 16:37:51.983678818
0,1,0,0,0,2023-02-22 07:56:13.949961185
0,0,0,1,0,2023-02-22 14:39:43.451386929
1,0,0,0,0,2023-02-22 23:43:58.906254530
0,0,0,1,0,2023-02-23 00:14:41.454377413
0,0,0,1,0,2023-02-23 01:18:17.667804718
0,0,0,1,0,2023-02-23 02:32:14.088604689
1,0,0,0,0,2023-02-23 04:21:17.296535492
1,0,0,0,0,2023-02-23 06:03:40.817449808
0,0,0,0,1,2023-02-23 09:12:18.821198225
0,1,0,0,0,2023-02-23 14:57:58.569377422
0,1,0,0,0,2023-02-23 21:48:13.890258074
0,0,0,0,1,2023-02-23 22:43:49.101892471
0,0,0,0,1,2023-02-24 12:37:55.613933563
0,0,0,1,0,2023-02-25 07:54:10.973489046
0,0,0,0,1,2023-02-25 08:34:43.540698528
0,0,1,0,0,2023-02-25 15:07:05.011417866
0,1,0,0,0,2023-02-25 22:32:57.476018190
0,0,0,0,1,2023-02-26 02:44:47.328192711
0,0,1,0,0,2023-02-26 05:00:47.909943104
0,0,1,0,0,2023-02-26 09:46:34.385511875
0,0,1,0,0,2023-02-26 12:34:40.880314827
0,0,1,0,0,2023-02-26 17:51:06.591130257
0,0,0,1,0,2023-02-26 19:37:27.822422266
0,0,1,0,0,2023-02-27 05:28:25.936957836
0,0,0,1,0,2023-02-27 05:39:29.704554319
0,0,0,1,0,2023-02-27 06:51:39.825049400
0,0,1,0,0,2023-02-27 11:10:50.719201803
0,1,0,0,0,2023-02-27 15:45:05.384326696
0,0,1,0,0,2023-02-27 16:34:05.619589329
0,0,1,0,0,2023-02-27 17:28:16.952221870
0,0,1,0,0,2023-02-27 21:10:45.860139608
0,1,0,0,0,2023-02-28 12:41:01.411020994
1,0,0,0,0,2023-02-28 20:09:29.545027018
1,0,0,0,0,2023-02-28 20:28:41.619587898
0,0,0,1,0,2023-03-01 02:29:23.855737209
0,0,0,1,0,2023-03-01 05:55:22.872730255
0,1,0,0,0,2023-03-01 09:06:37.812985659
0,0,0,0,1,2023-03-01 10:10:07.782385588
1,0,0,0,0,2023-03-01 13:53:01.883785963
0,0,0,1,0,2023-03-01 18:54:39.793261290
1,0,0,0,0,2023-03-01 20:57:16.962991953
0,1,0,0,0,2023-03-02 00:08:22.507234812
0,1,0,0,0,2023-03-02 03:27:47.219068766
0,0,0,0,1,2023-03-02 14:46:36.065366268
0,0,0,0,1,2023-03-02 15:05:31.458523035
0,1,0,0,0,2023-03-02 19:30:24.920994520
0,0,0,1,0,2023-03-03 03:23:11.270247698
1,0,0,0,0,2023-03-03 09:28:29.804989100
0,0,1,0,0,2023-03-03 13:53:05.030387163
0,0,0,0,1,2023-03-03 17:17:40.460539579
0,0,1,0,0,2023-03-03 17:25:52.651232958
0,0,0,1,0,2023-03-03 20:57:34.444043636
0,0,0,0,1,2023-03-03 21:23:37.123003244
0,0,1,0,0,2023-03-04 11:21:02.846968889
0,0,0,1,0,2023-03-04 11:41:09.767567635
1,0,0,0,0,2023-03-04 14:44:21.745733738
0,0,0,1,0,2023-03-05 03:29:30.918076515
0,0,0,0,1,2023-03-05 05:26:50.761121511
0,1,0,0,0,2023-03-05 09:40:47.371038675
1,0,0,0,0,2023-03-05 15:39:53.259541750
0,0,1,0,0,2023-03-05 20:13:09.950863600
0,0,0,0,1,2023-03-05 22:53:53.804437160
0,1,0,0,0,2023-03-06 08:09:16.238796234
0,0,0,1,0,2023-03-06 09:01:07.776710510
0,1,0,0,0,2023-03-06 13:44:39.780376196
0,0,0,0,1,2023-03-06 15:11:03.636096001
0,0,0,0,1,2023-03-07 10:37:17.117308140
0,1,0,0,0,2023-03-07 10:56:18.389481783
0,0,0,1,0,2023-03-07 11:53:16.434019327
0,1,0,0,0,2023-03-07 13:33:09.167033911
0,0,0,0,1,2023-03-07 16:18:39.030652523
0,0,0,0,1,2023-03-07 23:00:48.506141901
0,0,1,0,0,2023-03-08 00:16:34.037571192
0,0,1,0,0,2023-03-08 05:53:21.788447380
1,0,0,0,0,2023-03-08 06:26:10.182117939
0,0,0,0,1,2023-03-08 10:07:32.640826225
0,0,1,0,0,2023-03-08 11:17:46.649646759
0,1,0,0,0,2023-03-08 12:29:32.147452593
0,0,0,1,0,2023-03-08 12:40:35.072901726
0,1,0,0,0,2023-03-08 14:00:10.275381088
0,0,0,1,0,2023-03-08 23:17:45.644149303
0,0,1,0,0,2023-03-09 04:54:26.560660124
1,0,0,0,0,2023-03-09 05:48:21.343167305
0,1,0,0,0,2023-03-09 06:49:25.109264135
0,1,0,0,0,2023-03-09 09:16:24.167482615
0,1,0,0,0,2023-03-09 17:59:44.404140234
0,0,0,1,0,2023-03-09 23:12:34.571772337
0,0,1,0,0,2023-03-10 03:46:34.864358187
0,1,0,0,0,2023-03-10 05:39:04.396923304
0,1,0,0,0,2023-03-10 19:49:54.868142366
1,0,0,0,0,2023-03-11 01:31:46.298725605
1,0,0,0,0,2023-03-11 16:11:17.786345005
0,0,1,0,0,2023-03-11 22:11:35.139651299
0,0,1,0,0,2023-03-12 04:08:23.058550835
0,0,0,0,1,2023-03-12 09:25:50.026196718
1,0,0,0,0,2023-03-12 12:54:27.009923935
0,0,0,0,1,2023-03-12 13:18:49.087642670
0,0,0,1,0,2023-03-12 13:38:11.980739355
0,0,0,0,1,2023-03-12 14:20:28.095714569
0,1,0,0,0,2023-03-12 15:58:45.695467234
0,0,0,0,1,2023-03-12 18:16:30.512688398
0,0,1,0,0,2023-03-12 19:41:40.688134670
0,0,0,1,0,2023-03-12 21:02:49.437661409
0,1,0,0,0,2023-03-13 16:32:36.445541620
0,0,0,0,1,2023-03-13 16:53:20.879581928
0,0,0,1,0,2023-03-13 18:24:06.783791780
0,0,0,1,0,2023-03-13 18:50:58.007841587
0,1,0,0,0,2023-03-13 22:17:04.256776571
0,0,0,0,1,2023-03-14 02:53:39.166953087
0,0,0,1,0,2023-03-14 03:18:59.331564665
0,0,0,1,0,2023-03-14 04:59:55.761008024
1,0,0,0,0,2023-03-14 11:28:25.682617188
0,0,0,1,0,2023-03-14 17:51:28.972005367
1,0,0,0,0,2023-03-14 19:55:18.607089520
0,0,0,0,1,2023-03-15 01:55:27.715825081
0,0,0,0,1,2023-03-15 03:28:27.539957047
0,0,0,0,1,2023-03-15 11:29:24.871204376
0,0,1,0,0,2023-03-15 13:37:08.687721968
0,0,0,0,1,2023-03-16 01:13:06.220183134
0,0,0,1,0,2023-03-16 02:53:23.359233379
0,1,0,0,0,2023-03-16 11:54:06.907610893
1,0,0,0,0,2023-03-17 00:42:12.005505800
0,0,1,0,0,2023-03-17 01:15:31.159544706
0,0,0,0,1,2023-03-17 06:00:32.096534491
0,0,0,0,1,2023-03-17 08:27:05.185525417
0,1,0,0,0,2023-03-17 08:47:14.058091879
0,1,0,0,0,2023-03-17 09:00:40.862797022
0,0,1,0,0,2023-03-17 19:19:06.347941399
1,0,0,0,0,2023-03-17 21:06:08.641971588
0,0,0,0,1,2023-03-17 21:09:28.102509737
0,0,1,0,0,2023-03-18 00:53:52.290504456
0,0,0,1,0,2023-03-18 02:35:16.624783754
0,0,0,1,0,2023-03-18 02:50:51.078455925
0,0,1,0,0,2023-03-18 08:38:39.025811911
0,0,0,0,1,2023-03-18 11:54:40.462622881
0,0,1,0,0,2023-03-18 19:55:55.384206772
0,0,0,0,1,2023-03-18 22:18:25.636291265
0,1,0,0,0,2023-03-19 01:58:28.276827812
0,0,1,0,0,2023-03-19 05:08:38.822534800
0,0,0,0,1,2023-03-19 14:47:04.020945072
0,0,1,0,0,2023-03-19 17:05:01.287461758
0,0,1,0,0,2023-03-19 22:20:15.422728539
0,0,0,0,1,2023-03-20 00:54:31.588202238
0,0,0,0,1,2023-03-20 04:12:30.690004826
1,0,0,0,0,2023-03-20 14:22:48.357121229
0,0,1,0,0,2023-03-21 00:28:19.419447899
0,0,0,1,0,2023-03-21 08:01:40.518408059
0,0,1,0,0,2023-03-21 08:54:18.964078426
0,0,1,0,0,2023-03-21 09:33:11.078969240
0,0,0,0,1,2023-03-21 11:33:38.544497013
0,0,1,0,0,2023-03-21 15:28:09.857562304
0,0,1,0,0,2023-03-21 22:32:06.368526459
0,0,0,1,0,2023-03-22 00:42:30.213104725
0,0,0,0,1,2023-03-22 01:54:49.679620266
0,0,1,0,0,2023-03-22 03:51:17.273070812
0,1,0,0,0,2023-03-22 07:41:45.355493069
1,0,0,0,0,2023-03-22 08:07:25.541407585
0,0,0,1,0,2023-03-22 08:55:21.044911385
0,0,1,0,0,2023-03-22 11:35:57.984110355
0,1,0,0,0,2023-03-22 19:58:16.554226398
0,0,1,0,0,2023-03-22 20:12:00.224293470
0,0,1,0,0,2023-03-23 01:09:47.092990637
0,0,0,0,1,2023-03-23 06:30:55.962768316
0,0,0,0,1,2023-03-23 06:31:02.194623947
0,0,0,0,1,2023-03-23 06:38:56.880156755
0,1,0,0,0,2023-03-23 23:16:52.051135302
0,0,1,0,0,2023-03-24 04:49:33.915090084
1,0,0,0,0,2023-03-24 05:07:10.873423338
0,0,0,1,0,2023-03-24 12:35:44.426181316
0,0,0,0,1,2023-03-24 13:15:08.373921156
0,0,0,0,1,2023-03-24 14:13:49.730820894
0,0,1,0,0,2023-03-24 18:52:27.277852774
0,0,1,0,0,2023-03-24 19:58:40.764809847
0,1,0,0,0,2023-03-25 03:53:17.205332994
0,1,0,0,0,2023-03-25 09:32:27.339450121
0,0,0,0,1,2023-03-25 21:51:43.849975348
0,0,1,0,0,2023-03-26 02:16:35.025642157
1,0,0,0,0,2023-03-26 03:51:16.853785038
0,0,0,1,0,2023-03-26 06:36:09.867294312
0,0,1,0,0,2023-03-26 16:02:40.411028385
0,0,1,0,0,2023-03-26 19:35:41.999413729
0,1,0,0,0,2023-03-27 01:12:20.127713442
0,0,0,1,0,2023-03-27 02:16:47.195832968
0,0,0,0,1,2023-03-27 03:15:40.492277861
0,0,1,0,0,2023-03-27 14:15:50.613604069
0,0,0,0,1,2023-03-27 16:54:12.427773237
0,0,1,0,0,2023-03-27 19:21:58.892302513
0,0,0,0,1,2023-03-27 21:43:32.916635275
0,0,0,1,0,2023-03-27 23:47:25.571745872
0,1,0,0,0,2023-03-28 05:20:07.348095655
0,0,0,1,0,2023-03-28 10:40:10.850615978
1,0,0,0,0,2023-03-28 12:14:07.116366386
0,1,0,0,0,2023-03-28 13:43:41.852263927
0,0,0,1,0,2023-03-28 14:37:38.966417313
1,0,0,0,0,2023-03-28 15:49:05.360050440
0,0,1,0,0,2023-03-28 21:22:04.147303104
0,0,1,0,0,2023-03-29 10:19:34.492325544
0,0,0,0,1,2023-03-29 18:29:14.573529005
0,1,0,0,0,2023-03-29 18:59:13.239510059
0,0,1,0,0,2023-03-29 19:42:48.631307602
0,1,0,0,0,2023-03-30 02:48:07.519773960
0,0,1,0,0,2023-03-30 14:21:49.219213963
0,0,0,0,1,2023-03-30 18:03:36.269820690
0,0,0,1,0,2023-03-30 23:14:01.610225201
0,0,0,0,1,2023-03-31 00:01:24.645810843
1,0,0,0,0,2023-03-31 04:18:12.764527798
0,0,1,0,0,2023-03-31 04:39:18.996696949
1,0,0,0,0,2023-03-31 10:21:30.294619322
1,0,0,0,0,2023-03-31 12:08:28.848425388
0,1,0,0,0,2023-03-31 12:21:42.680228233
0,0,1,0,0,2023-03-31 14:02:21.120208979
1,0,0,0,0,2023-03-31 18:46:42.938304901
0,0,0,1,0,2023-04-01 05:38:44.142594099
1,0,0,0,0,2023-04-01 11:28:24.833649874
0,0,0,1,0,2023-04-01 14:18:14.886195898
0,1,0,0,0,2023-04-02 06:07:59.282186985
1,0,0,0,0,2023-04-02 07:02:19.776596785
0,0,0,0,1,2023-04-02 11:34:29.110989571
0,1,0,0,0,2023-04-02 11:57:57.964028835
0,0,0,1,0,2023-04-03 05:16:41.842033386
0,1,0,0,0,2023-04-03 06:16:19.920847893
1,0,0,0,0,2023-04-03 09:37:21.570609808
0,0,1,0,0,2023-04-03 10:13:40.146962643
0,0,1,0,0,2023-04-03 10:53:24.082381010
0,0,0,1,0,2023-04-03 14:38:02.126264811
0,0,0,1,0,2023-04-04 01:36:19.422034264
0,0,1,0,0,2023-04-04 03:20:52.461716175
0,0,0,1,0,2023-04-04 07:07:13.964017391
0,1,0,0,0,2023-04-04 13:18:43.598357439
0,0,0,0,1,2023-04-04 21:21:14.025447845
0,0,0,0,1,2023-04-05 20:36:50.397612333
0,1,0,0,0,2023-04-05 22:58:18.740476131
0,0,0,0,1,2023-04-06 02:35:16.089124441
1,0,0,0,0,2023-04-06 07:24:39.227179527
0,1,0,0,0,2023-04-06 11:02:32.204881191
0,0,0,1,0,2023-04-06 18:00:41.375888348
0,1,0,0,0,2023-04-06 23:18:43.374552965
0,0,1,0,0,2023-04-07 03:21:01.142495632
0,0,0,1,0,2023-04-07 05:49:50.355384588
0,0,1,0,0,2023-04-07 08:08:55.814825058
0,0,0,1,0,2023-04-07 15:47:25.342447996
0,0,0,0,1,2023-04-07 17:39:16.737869501
0,1,0,0,0,2023-04-07 21:04:22.265582800
1,0,0,0,0,2023-04-07 22:35:41.394576073
0,0,0,1,0,2023-04-08 01:29:40.120558500
0,0,0,1,0,2023-04-08 08:38:03.610780001
0,0,1,0,0,2023-04-08 09:36:38.876650810
0,0,0,0,1,2023-04-08 20:29:21.459446669
0,0,1,0,0,2023-04-08 23:18:05.077649355
0,0,1,0,0,2023-04-09 00:44:32.196097612
0,0,0,0,1,2023-04-09 03:41:13.042024612
1,0,0,0,0,2023-04-09 09:30:24.250966548
0,0,1,0,0,2023-04-09 10:11:42.351622581
0,0,1,0,0,2023-04-09 10:53:24.933875084
0,0,0,1,0,2023-04-09 12:10:17.868623257
0,0,0,0,1,2023-04-09 13:11:56.722707033
0,1,0,0,0,2023-04-09 13:49:59.567016363
1,0,0,0,0,2023-04-09 19:12:06.474630833
1,0,0,0,0,2023-04-10 08:49:37.837013245
0,0,0,0,1,2023-04-10 16:04:34.234642029
0,0,0,1,0,2023-04-11 03:33:51.315627337
0,0,0,1,0,2023-04-11 05:02:24.257682800
0,0,0,0,1,2023-04-11 08:22:58.290045500
0,0,0,1,0,2023-04-11 14:54:30.579983711
1,0,0,0,0,2023-04-11 17:53:54.654292583
1,0,0,0,0,2023-04-12 02:45:47.747444391
0,1,0,0,0,2023-04-12 11:25:00.601074219
0,0,0,0,1,2023-04-12 13:22:13.446419477
0,0,1,0,0,2023-04-12 17:48:49.957934141
0,0,1,0,0,2023-04-12 18:08:09.318866730
0,1,0,0,0,2023-04-13 06:53:10.136439800
0,1,0,0,0,2023-04-13 10:17:31.880079031
0,0,0,1,0,2023-04-13 12:14:44.748645306
0,1,0,0,0,2023-04-13 13:22:15.057844400
0,1,0,0,0,2023-04-13 20:42:04.978981018
0,0,1,0,0,2023-04-14 03:14:12.961135387
0,0,0,1,0,2023-04-14 04:02:22.593660831
0,1,0,0,0,2023-04-14 08:37:44.072316408
0,1,0,0,0,2023-04-14 09:54:05.772012472
0,0,0,1,0,2023-04-14 17:07:00.101803780
0,0,0,0,1,2023-04-14 21:36:13.267592669
0,0,0,1,0,2023-04-15 03:15:54.225381374
0,0,1,0,0,2023-04-15 05:17:24.709320784
0,0,0,0,1,2023-04-15 09:14:33.829286814
1,0,0,0,0,2023-04-15 18:39:48.546430349
0,0,0,1,0,2023-04-15 19:50:14.823790312
0,0,1,0,0,2023-04-15 22:53:46.522510290
0,0,0,0,1,2023-04-16 01:49:12.181149244
0,0,0,1,0,2023-04-16 03:36:06.285758257
0,1,0,0,0,2023-04-16 16:49:42.073496819
0,0,0,1,0,2023-04-16 18:14:42.722070932
1,0,0,0,0,2023-04-17 02:55:24.357029438
0,0,0,1,0,2023-04-17 05:57:55.057054758
0,0,0,0,1,2023-04-17 06:05:51.417580843
0,0,0,0,1,2023-04-17 07:34:47.623859406
0,0,0,1,0,2023-04-17 09:25:00.293488741
0,0,0,0,1,2023-04-17 12:35:39.593221664
0,1,0,0,0,2023-04-17 17:45:35.512221813
0,0,0,1,0,2023-04-18 00:32:46.571872234
0,1,0,0,0,2023-04-18 02:25:17.558642387
0,1,0,0,0,2023-04-18 07:49:45.706976414
0,0,1,0,0,2023-04-18 12:08:13.365680695
0,0,0,1,0,2023-04-18 15:43:54.802585602
0,0,0,0,1,2023-04-18 16:54:08.942731857
0,1,0,0,0,2023-04-18 17:02:47.048142910
0,0,1,0,0,2023-04-18 20:16:16.036018848
0,0,0,1,0,2023-04-19 15:49:22.306776524
0,0,0,1,0,2023-04-19 19:18:45.693618059
1,0,0,0,0,2023-04-19 20:40:34.878515482
1,0,0,0,0,2023-04-19 23:51:03.174881458
0,1,0,0,0,2023-04-20 02:45:04.657353401
1,0,0,0,0,2023-04-20 09:20:44.541704893
0,1,0,0,0,2023-04-20 09:22:17.753427982
0,0,0,0,1,2023-04-20 21:56:03.462675571
0,1,0,0,0,2023-04-21 09:35:55.758776188
1,0,0,0,0,2023-04-21 12:42:45.931753635
0,0,0,0,1,2023-04-21 14:13:16.411095619
1,0,0,0,0,2023-04-21 15:05:56.965822220
0,1,0,0,0,2023-04-21 23:50:01.841998577
0,0,1,0,0,2023-04-22 03:14:43.581971407
0,0,0,1,0,2023-04-22 06:21:13.228079796
1,0,0,0,0,2023-04-22 09:10:24.464095116
0,1,0,0,0,2023-04-22 10:35:19.233607769
0,0,0,0,1,2023-04-22 23:33:13.009038448
1,0,0,0,0,2023-04-23 03:07:33.226028919
1,0,0,0,0,2023-04-23 05:19:39.231671810
0,0,0,1,0,2023-04-23 07:11:41.487854004
0,1,0,0,0,2023-04-23 13:44:50.099178076
0,0,1,0,0,2023-04-23 18:10:57.454001665
0,0,0,0,1,2023-04-23 20:10:36.215675116
0,1,0,0,0,2023-04-23 21:51:01.321670055
0,0,0,0,1,2023-04-24 05:57:13.613411427
1,0,0,0,0,2023-04-24 08:11:52.179683208
0,0,0,1,0,2023-04-24 09:30:44.061349630
0,0,0,1,0,2023-04-24 11:03:25.865577221
0,0,1,0,0,2023-04-24 13:06:44.601923466
0,0,0,1,0,2023-04-24 14:09:09.788614988
1,0,0,0,0,2023-04-24 14:23:16.539161205
0,0,1,0,0,2023-04-24 15:15:59.281521082
0,1,0,0,0,2023-04-24 17:45:41.067612648
0,0,0,1,0,2023-04-24 18:06:06.926382542
0,0,1,0,0,2023-04-25 08:41:00.447673321
1,0,0,0,0,2023-04-25 16:41:49.274215221
0,0,0,0,1,2023-04-25 17:50:41.179255724
0,0,0,0,1,2023-04-25 18:35:45.516698360
1,0,0,0,0,2023-04-25 20:09:52.188024759
1,0,0,0,0,2023-04-26 02:26:30.981177807
0,0,0,0,1,2023-04-26 14:30:09.492864609
0,0,1,0,0,2023-04-26 15:19:43.734443903
0,0,0,0,1,2023-04-26 16:02:06.692492723
1,0,0,0,0,2023-04-26 19:02:40.858176947
0,0,0,1,0,2023-04-26 20:13:25.324585915
0,1,0,0,0,2023-04-26 22:19:49.909454584
0,0,0,1,0,2023-04-27 06:57:33.036671400
0,0,0,1,0,2023-04-27 06:59:55.806693554
1,0,0,0,0,2023-04-27 09:04:39.367785931
0,0,0,0,1,2023-04-27 14:35:01.805925369
0,0,1,0,0,2023-04-27 16:05:46.996334314
0,0,0,1,0,2023-04-27 21:39:09.600594282
0,0,0,0,1,2023-04-28 01:42:39.325103998
0,0,1,0,0,2023-04-28 11:10:35.607905149
0,0,0,1,0,2023-04-28 12:53:44.114768982
0,0,1,0,0,2023-04-28 15:33:31.817785263
0,0,0,0,1,2023-04-28 16:07:14.396172762
0,1,0,0,0,2023-04-28 18:15:18.017552376
0,0,0,0,1,2023-04-28 18:32:09.761901855
1,0,0,0,0,2023-04-28 23:10:57.884206533
0,0,1,0,0,2023-04-29 00:09:18.220612049
0,1,0,0,0,2023-04-29 00:54:59.285906792
0,0,1,0,0,2023-04-29 13:58:54.167619228
0,0,1,0,0,2023-04-29 20:49:16.543538332
0,0,0,1,0,2023-04-29 22:03:41.081629992
1,0,0,0,0,2023-04-30 01:47:31.510432482
0,0,1,0,0,2023-04-30 03:04:18.346099615
0,0,0,0,1,2023-04-30 10:54:15.559755802
0,0,0,0,1,2023-04-30 11:02:16.285783529
0,0,0,1,0,2023-04-30 15:21:08.638525963
1,0,0,0,0,2023-04-30 19:59:24.519032240
1,0,0,0,0,2023-04-30 21:43:34.521445751
0,0,0,0,1,2023-04-30 23:54:47.845921516
0,1,0,0,0,2023-05-01 01:38:24.345877409
0,0,0,1,0,2023-05-01 05:59:59.737508297
0,0,0,1,0,2023-05-01 06:44:47.792595148
0,0,0,0,1,2023-05-01 14:59:18.325190067
0,0,0,0,1,2023-05-01 20:02:19.500624180
0,1,0,0,0,2023-05-02 03:23:35.995437622
0,1,0,0,0,2023-05-02 05:24:27.432816029
1,0,0,0,0,2023-05-02 11:21:40.121384859
0,0,0,1,0,2023-05-02 12:35:46.871536732
0,0,0,1,0,2023-05-02 15:54:59.986662626
0,0,0,0,1,2023-05-02 15:57:09.140024185
1,0,0,0,0,2023-05-02 19:10:01.786205769
0,0,0,1,0,2023-05-02 19:23:47.106593132
1,0,0,0,0,2023-05-02 19:34:01.688885212
1,0,0,0,0,2023-05-02 20:07:30.017874002
0,0,0,0,1,2023-05-03 00:41:45.000134706
1,0,0,0,0,2023-05-03 06:13:34.856537342
0,1,0,0,0,2023-05-03 10:20:23.475546122
0,1,0,0,0,2023-05-03 10:53:50.298052311
0,0,1,0,0,2023-05-03 15:11:51.725257635
0,0,0,0,1,2023-05-03 19:36:57.345935106
0,0,1,0,0,2023-05-03 19:41:17.395970583
0,1,0,0,0,2023-05-03 21:14:04.038426399
0,0,1,0,0,2023-05-03 22:04:28.366461515
0,0,0,0,1,2023-05-04 04:11:42.642325640
0,0,0,0,1,2023-05-04 04:14:50.607736826
1,0,0,0,0,2023-05-04 11:43:55.807155609
0,0,0,1,0,2023-05-04 12:56:14.522576571
1,0,0,0,0,2023-05-04 17:05:27.448318958
0,0,0,0,1,2023-05-04 20:23:15.773473024
0,1,0,0,0,2023-05-04 23:56:45.364593744
0,1,0,0,0,2023-05-05 10:10:40.577279091
1,0,0,0,0,2023-05-05 20:51:18.932028055
0,0,0,0,1,2023-05-06 02:21:10.861370087
0,1,0,0,0,2023-05-06 06:20:14.832830429
0,0,0,0,1,2023-05-06 07:54:23.718453884
0,1,0,0,0,2023-05-06 13:31:20.516572714
0,0,0,0,1,2023-05-06 17:49:07.043900013
0,0,1,0,0,2023-05-06 20:30:03.482968807
0,0,0,0,1,2023-05-06 22:25:26.694595337
0,0,0,0,1,2023-05-07 00:51:04.292218208
1,0,0,0,0,2023-05-07 07:23:16.901940107
0,0,1,0,0,2023-05-07 10:13:57.542237282
0,0,0,1,0,2023-05-07 13:35:49.457995653
1,0,0,0,0,2023-05-07 16:34:57.495146513
0,0,0,1,0,2023-05-07 20:10:14.536974430
0,1,0,0,0,2023-05-07 23:25:23.311816216
0,0,0,1,0,2023-05-07 23:32:57.428702116
0,0,0,0,1,2023-05-08 00:13:59.871843576
0,0,0,1,0,2023-05-08 03:54:28.831696987
1,0,0,0,0,2023-05-08 08:08:29.443750143
1,0,0,0,0,2023-05-08 08:12:28.779845476
0,0,0,1,0,2023-05-08 20:10:15.161671400
1,0,0,0,0,2023-05-08 23:39:23.384511232
1,0,0,0,0,2023-05-09 01:57:06.021823406
0,0,0,1,0,2023-05-09 06:25:22.280683279
0,0,1,0,0,2023-05-09 10:58:36.737357140
0,0,1,0,0,2023-05-09 11:01:57.878978968
0,1,0,0,0,2023-05-09 23:59:12.112580299
1,0,0,0,0,2023-05-10 01:08:17.360234022
0,0,0,1,0,2023-05-10 01:36:27.892523289
1,0,0,0,0,2023-05-10 02:08:01.109736204
0,0,0,0,1,2023-05-10 10:42:01.888748169
1,0,0,0,0,2023-05-10 12:58:24.656756163
1,0,0,0,0,2023-05-11 02:46:54.001565218
0,0,1,0,0,2023-05-11 03:14:27.369813204
0,0,0,1,0,2023-05-11 12:06:52.243482351
1,0,0,0,0,2023-05-11 16:42:28.666385412
0,0,1,0,0,2023-05-11 21:30:11.707086563
0,1,0,0,0,2023-05-11 21:49:12.692625999
0,0,1,0,0,2023-05-12 02:10:37.227269650
0,0,1,0,0,2023-05-12 05:04:57.022123575
0,0,1,0,0,2023-05-12 10:23:25.927177906
1,0,0,0,0,2023-05-12 11:40:28.873698711
1,0,0,0,0,2023-05-12 20:32:46.086986780
0,1,0,0,0,2023-05-12 22:12:46.177428722
0,0,0,0,1,2023-05-13 02:56:16.000011683
0,0,0,0,1,2023-05-13 06:09:38.937388182
0,0,0,0,1,2023-05-13 08:03:07.602942944
0,1,0,0,0,2023-05-13 09:20:59.367759466
0,0,0,0,1,2023-05-13 10:09:34.603795528
0,0,0,0,1,2023-05-13 14:38:21.865295649
0,0,1,0,0,2023-05-13 15:21:23.794210672
1,0,0,0,0,2023-05-13 18:36:01.497174740
1,0,0,0,0,2023-05-13 22:08:28.517960548
0,0,1,0,0,2023-05-14 02:49:22.714087009
0,0,1,0,0,2023-05-14 04:11:45.974793196
0,0,1,0,0,2023-05-14 08:18:42.101420879
1,0,0,0,0,2023-05-14 10:41:17.603493214
0,0,0,0,1,2023-05-14 15:58:38.692532539
0,0,1,0,0,2023-05-14 16:58:11.072084427
0,1,0,0,0,2023-05-15 00:25:49.704870939
0,0,1,0,0,2023-05-15 07:57:23.062457561
0,0,0,1,0,2023-05-15 08:44:36.263112544
0,0,1,0,0,2023-05-15 10:46:50.601611853
1,0,0,0,0,2023-05-15 11:23:47.134435177
0,0,1,0,0,2023-05-15 12:57:46.725979805
0,0,0,1,0,2023-05-15 14:49:42.533386707
0,1,0,0,0,2023-05-15 15:48:14.520169973
0,0,0,0,1,2023-05-15 18:13:28.890097141
0,0,1,0,0,2023-05-16 05:33:02.626234293
0,0,0,1,0,2023-05-16 05:41:35.940679312
0,0,0,1,0,2023-05-16 06:10:14.472281694
0,1,0,0,0,2023-05-16 11:53:58.259296656
1,0,0,0,0,2023-05-16 12:11:08.199215174
0,0,1,0,0,2023-05-16 15:01:10.578675508
0,0,0,1,0,2023-05-16 15:41:17.082171679
0,1,0,0,0,2023-05-16 17:18:18.527041435
0,0,0,0,1,2023-05-17 08:13:46.780631781
0,0,0,1,0,2023-05-17 14:27:09.826067686
0,1,0,0,0,2023-05-17 20:03:05.559648752
1,0,0,0,0,2023-05-17 23:15:06.533028841
1,0,0,0,0,2023-05-18 05:53:29.765512943
0,0,0,1,0,2023-05-18 10:48:52.560440540
0,0,0,1,0,2023-05-18 11:34:34.222075939
0,0,1,0,0,2023-05-18 14:44:36.933113337
0,1,0,0,0,2023-05-18 20:20:49.997124434
0,0,0,1,0,2023-05-19 08:05:14.207075834
0,0,1,0,0,2023-05-19 16:59:58.432766914
0,0,1,0,0,2023-05-21 02:44:38.167042017
0,0,0,1,0,2023-05-21 11:46:31.636902332
1,0,0,0,0,2023-05-21 19:00:11.135354042
0,1,0,0,0,2023-05-22 02:16:58.863547564
0,1,0,0,0,2023-05-22 02:23:57.508890629
1,0,0,0,0,2023-05-22 03:33:46.936212301
0,0,0,1,0,2023-05-22 10:09:43.057647467
0,1,0,0,0,2023-05-22 12:04:15.023352146
0,0,0,1,0,2023-05-22 15:15:01.246978760
0,0,0,1,0,2023-05-22 16:00:32.610333681
0,0,1,0,0,2023-05-22 16:50:26.164706469
1,0,0,0,0,2023-05-22 18:19:12.617066622
0,0,0,1,0,2023-05-22 22:00:06.430305958
0,0,0,0,1,2023-05-22 23:44:43.783759832
1,0,0,0,0,2023-05-23 17:32:22.776447535
0,1,0,0,0,2023-05-23 20:54:56.657845259
0,0,1,0,0,2023-05-24 00:27:10.131715059
0,1,0,0,0,2023-05-24 06:23:46.785016537
0,1,0,0,0,2023-05-24 10:14:52.944042206
1,0,0,0,0,2023-05-24 16:25:25.547592402
0,1,0,0,0,2023-05-24 21:09:55.216739893
0,0,0,1,0,2023-05-24 21:39:56.739904165
0,1,0,0,0,2023-05-25 04:18:00.753961802
0,0,1,0,0,2023-05-25 05:10:55.151246786
0,0,1,0,0,2023-05-25 06:42:39.346524239
0,0,0,0,1,2023-05-25 12:12:39.651639700
0,0,1,0,0,2023-05-25 17:07:27.951811790
0,1,0,0,0,2023-05-25 17:23:53.518701077
0,0,1,0,0,2023-05-26 14:27:11.380195618
1,0,0,0,0,2023-05-26 15:00:06.565330267
0,0,1,0,0,2023-05-26 15:17:18.281004429
0,0,0,1,0,2023-05-26 21:21:11.031586169
1,0,0,0,0,2023-05-27 09:30:37.350125313
0,0,0,0,1,2023-05-27 09:38:35.080601454
0,0,0,1,0,2023-05-27 13:08:13.398663044
0,1,0,0,0,2023-05-28 01:43:55.764883280
0,1,0,0,0,2023-05-28 04:07:09.241931677
0,1,0,0,0,2023-05-28 05:07:22.582170486
0,0,0,1,0,2023-05-28 05:54:54.397594452
0,0,0,1,0,2023-05-28 16:46:26.007562876
0,0,0,1,0,2023-05-28 18:22:56.409333944
1,0,0,0,0,2023-05-28 21:51:34.956501484
1,0,0,0,0,2023-05-28 23:52:53.640972137
0,1,0,0,0,2023-05-29 01:01:42.546577215
0,0,1,0,0,2023-05-29 02:42:12.894099236
0,1,0,0,0,2023-05-29 03:35:27.190107584
0,0,0,0,1,2023-05-29 05:30:49.220852852
1,0,0,0,0,2023-05-29 06:43:36.919531107
0,0,0,1,0,2023-05-29 12:19:55.148888111
1,0,0,0,0,2023-05-29 13:40:02.187412024
0,0,0,1,0,2023-05-29 14:30:20.723420143
0,0,0,0,1,2023-05-29 15:24:19.785651684
0,0,0,0,1,2023-05-29 22:22:13.191867352
1,0,0,0,0,2023-05-30 13:05:39.997820854
0,0,0,1,0,2023-05-30 23:02:08.057086945
0,0,0,0,1,2023-05-31 01:41:04.950772762
0,1,0,0,0,2023-05-31 02:31:45.254391670
0,1,0,0,0,2023-05-31 06:53:28.130873679
0,0,0,1,0,2023-05-31 09:08:27.041951180
1,0,0,0,0,2023-05-31 15:10:46.773879766
0,0,0,0,1,2023-05-31 17:06:13.347343445
1,0,0,0,0,2023-05-31 17:25:04.060352087
0,1,0,0,0,2023-06-01 00:01:08.963394403
0,0,0,0,1,2023-06-01 04:01:59.260157823
1,0,0,0,0,2023-06-01 04:09:18.302915812
0,0,1,0,0,2023-06-01 07:14:42.680499315
0,0,0,1,0,2023-06-01 09:49:42.471287251
0,0,0,1,0,2023-06-01 11:31:51.137109756
0,0,1,0,0,2023-06-01 11:47:42.497812510
0,1,0,0,0,2023-06-01 17:36:13.977307796
0,0,0,0,1,2023-06-01 20:12:18.194622517
0,0,0,1,0,2023-06-01 20:28:30.971532583
0,0,1,0,0,2023-06-01 22:11:03.593560934
0,0,1,0,0,2023-06-02 03:00:08.296559811
0,1,0,0,0,2023-06-02 15:07:57.683258772
0,1,0,0,0,2023-06-02 19:11:44.615219355
1,0,0,0,0,2023-06-02 23:34:08.295444727
0,0,0,1,0,2023-06-03 02:29:35.805670261
1,0,0,0,0,2023-06-03 03:55:31.058163881
0,0,1,0,0,2023-06-03 05:08:43.176527977
0,0,0,0,1,2023-06-03 14:12:01.523329735
0,0,0,0,1,2023-06-03 17:14:48.041572809
0,1,0,0,0,2023-06-03 17:54:52.054634333
0,0,0,0,1,2023-06-03 20:07:46.707721233
0,0,0,0,1,2023-06-03 21:59:32.545431852
0,0,0,0,1,2023-06-04 02:38:12.421356916
0,0,1,0,0,2023-06-04 16:19:46.689526796
0,0,0,0,1,2023-06-04 18:12:52.729173422
0,0,0,0,1,2023-06-04 23:00:09.160071611
0,0,0,0,1,2023-06-05 04:20:02.835480213
1,0,0,0,0,2023-06-05 04:45:08.140711546
0,0,1,0,0,2023-06-05 08:44:02.928083658
0,1,0,0,0,2023-06-05 09:45:05.788932562
1,0,0,0,0,2023-06-05 10:09:05.407584190
0,0,0,1,0,2023-06-05 15:59:23.676467896
0,0,1,0,0,2023-06-05 17:50:44.439404964
0,0,1,0,0,2023-06-05 21:42:17.695035219
0,0,0,1,0,2023-06-06 00:24:14.081046104
0,0,0,1,0,2023-06-06 03:07:31.196925640
0,0,0,1,0,2023-06-06 03:18:57.770158291
0,1,0,0,0,2023-06-07 03:57:13.476335764
0,0,0,0,1,2023-06-07 03:59:33.209185362
0,0,1,0,0,2023-06-07 08:17:19.418333769
0,0,0,0,1,2023-06-07 08:44:15.452318192
0,0,0,0,1,2023-06-07 18:08:04.460358381
0,0,0,1,0,2023-06-07 21:35:11.802643299
0,1,0,0,0,2023-06-08 00:05:44.496963501
1,0,0,0,0,2023-06-08 02:23:03.401494265
0,1,0,0,0,2023-06-08 05:51:37.754265070
0,0,0,0,1,2023-06-08 11:06:04.395130873
0,1,0,0,0,2023-06-09 05:34:09.842711926
0,0,0,1,0,2023-06-09 08:46:45.019327641
1,0,0,0,0,2023-06-09 12:03:29.111512184
0,0,0,1,0,2023-06-09 12:08:57.546648264
1,0,0,0,0,2023-06-09 17:19:50.775346041
0,0,0,0,1,2023-06-10 00:12:27.075583696
1,0,0,0,0,2023-06-10 02:24:00.027167320
1,0,0,0,0,2023-06-10 04:11:34.299800634
1,0,0,0,0,2023-06-10 06:07:00.009331703
0,1,0,0,0,2023-06-10 20:50:40.148796082
0,1,0,0,0,2023-06-10 22:20:21.375329971
0,0,0,0,1,2023-06-11 08:53:22.773991346
1,0,0,0,0,2023-06-11 09:12:34.964476585
0,0,1,0,0,2023-06-11 11:56:07.679647207
0,0,0,0,1,2023-06-11 14:04:36.140552998
1,0,0,0,0,2023-06-11 14:40:58.583772898
1,0,0,0,0,2023-06-11 15:45:11.331346989
0,1,0,0,0,2023-06-12 04:22:18.486668825
0,0,0,0,1,2023-06-12 04:36:43.124368429
1,0,0,0,0,2023-06-12 09:28:53.237433434
1,0,0,0,0,2023-06-12 10:22:30.483407497
0,0,0,0,1,2023-06-12 21:09:49.436995983
0,0,1,0,0,2023-06-13 02:14:21.347809315
0,0,0,0,1,2023-06-13 06:41:02.743193150
0,0,0,0,1,2023-06-13 13:16:50.019192219
0,0,1,0,0,2023-06-13 16:21:13.581622362
0,0,0,0,1,2023-06-13 16:23:44.821636915
1,0,0,0,0,2023-06-13 16:43:05.727056742
0,0,0,0,1,2023-06-13 18:33:53.440441370
0,0,1,0,0,2023-06-13 20:36:38.371724129
0,0,0,1,0,2023-06-14 05:36:24.741896391
0,0,0,0,1,2023-06-14 09:00:47.316946507
0,1,0,0,0,2023-06-14 16:42:28.076979399
1,0,0,0,0,2023-06-14 21:16:13.890214920
1,0,0,0,0,2023-06-15 00:02:42.844357014
0,1,0,0,0,2023-06-15 16:33:14.369053125
0,1,0,0,0,2023-06-15 17:18:48.398005247
0,0,0,0,1,2023-06-15 18:54:06.817128181
0,1,0,0,0,2023-06-15 22:59:28.907898903
0,0,0,1,0,2023-06-16 03:59:04.601881504
0,0,1,0,0,2023-06-16 10:55:04.051971197
0,1,0,0,0,2023-06-16 22:01:08.709060431
0,1,0,0,0,2023-06-17 03:30:44.051956654
0,0,0,1,0,2023-06-17 08:40:21.066443920
1,0,0,0,0,2023-06-17 16:29:51.327033043
1,0,0,0,0,2023-06-17 16:31:02.384355068
0,0,0,0,1,2023-06-17 17:59:09.016947746
0,0,0,1,0,2023-06-17 22:19:47.760990858
0,0,1,0,0,2023-06-17 23:46:03.051835775
0,0,1,0,0,2023-06-18 03:56:56.981192589
0,0,0,1,0,2023-06-18 16:10:58.292822123
0,0,1,0,0,2023-06-18 19:43:06.110474110
1,0,0,0,0,2023-06-19 04:09:15.067837000
0,0,1,0,0,2023-06-19 11:46:35.480506897
0,0,1,0,0,2023-06-19 13:31:11.311307669
0,0,0,1,0,2023-06-19 17:39:35.643577814
0,0,0,1,0,2023-06-19 20:57:49.422548532
0,0,1,0,0,2023-06-19 22:08:36.983521461
0,1,0,0,0,2023-06-20 07:58:15.256562710
0,0,0,1,0,2023-06-20 15:35:08.291662693
0,0,0,0,1,2023-06-20 17:52:47.702258825
0,0,0,0,1,2023-06-20 21:22:40.969820976
1,0,0,0,0,2023-06-21 00:15:21.703685999
0,0,1,0,0,2023-06-21 04:21:21.432018995
0,1,0,0,0,2023-06-21 07:38:10.012156725
1,0,0,0,0,2023-06-21 10:03:44.447055578
0,0,1,0,0,2023-06-21 17:32:48.555084944
0,0,0,1,0,2023-06-21 18:17:40.367534399
0,0,0,0,1,2023-06-22 05:48:48.943615913
0,1,0,0,0,2023-06-22 06:08:30.634142160
0,0,0,0,1,2023-06-22 10:53:47.586608410
0,0,0,1,0,2023-06-22 11:57:21.335207939
0,0,1,0,0,2023-06-22 20:00:28.790030479
0,0,0,1,0,2023-06-22 21:05:51.807845831
0,0,0,1,0,2023-06-23 00:42:52.671479225
0,0,0,0,1,2023-06-23 03:56:46.316761732
0,1,0,0,0,2023-06-23 04:39:00.636177301
0,0,0,1,0,2023-06-23 15:48:44.968537331
0,0,0,0,1,2023-06-23 17:58:52.512654780
0,1,0,0,0,2023-06-23 19:13:10.505957842
0,0,1,0,0,2023-06-23 19:19:00.634363651
0,0,1,0,0,2023-06-24 00:04:48.414129734
1,0,0,0,0,2023-06-24 02:43:23.299395561
0,0,0,0,1,2023-06-24 06:56:00.360136509
0,1,0,0,0,2023-06-24 19:51:41.544482231
0,0,0,1,0,2023-06-24 23:40:05.435583353
0,0,1,0,0,2023-06-25 01:48:22.380623341
0,1,0,0,0,2023-06-25 04:00:15.676513433
0,0,0,0,1,2023-06-25 09:09:54.468767881
1,0,0,0,0,2023-06-25 11:20:18.345883131
0,0,1,0,0,2023-06-25 11:20:25.168014288
0,1,0,0,0,2023-06-25 14:02:01.732699156
0,1,0,0,0,2023-06-25 15:26:57.476900101
0,1,0,0,0,2023-06-25 20:03:37.173524618
0,0,0,0,1,2023-06-26 00:45:00.695618153
0,0,0,0,1,2023-06-26 01:31:53.743593931
0,0,0,0,1,2023-06-26 22:01:09.440323353
0,0,0,1,0,2023-06-26 22:28:58.215201855
0,1,0,0,0,2023-06-27 00:57:54.142137051
0,0,1,0,0,2023-06-27 14:47:31.580086231
0,0,0,0,1,2023-06-27 18:21:47.408453226
0,0,0,0,1,2023-06-28 01:39:10.079419374
0,1,0,0,0,2023-06-28 11:37:20.658707857
0,0,0,0,1,2023-06-28 12:20:47.623895884
0,0,0,1,0,2023-06-28 13:44:13.380400658
0,0,0,1,0,2023-06-28 20:28:22.131244898
0,0,0,0,1,2023-06-29 06:03:48.452198982
0,1,0,0,0,2023-06-29 20:39:33.173761606
0,1,0,0,0,2023-06-29 20:43:04.434596062
0,1,0,0,0,2023-06-30 02:07:55.379785776
1,0,0,0,0,2023-06-30 09:42:06.877090693
0,0,0,0,1,2023-06-30 11:39:34.163623810
0,1,0,0,0,2023-06-30 15:02:19.539985418
0,0,0,1,0,2023-06-30 15:34:06.018006563
0,0,1,0,0,2023-07-01 03:18:24.024191856
0,0,1,0,0,2023-07-01 12:33:15.801537037
0,1,0,0,0,2023-07-01 19:41:29.795449972
0,0,1,0,0,2023-07-01 20:40:15.919391870
0,0,1,0,0,2023-07-01 20:44:48.371739388
1,0,0,0,0,2023-07-01 20:54:02.353050470
0,0,0,1,0,2023-07-02 00:51:47.676821232
0,0,0,1,0,2023-07-02 02:15:03.358578444
1,0,0,0,0,2023-07-02 02:36:49.825978279
1,0,0,0,0,2023-07-02 17:30:03.748073101
0,0,1,0,0,2023-07-02 19:29:58.388165712
0,0,0,0,1,2023-07-03 01:00:28.412621737
0,0,1,0,0,2023-07-03 03:25:54.806965590
1,0,0,0,0,2023-07-03 14:31:49.122920752
0,0,0,1,0,2023-07-03 18:11:36.553711414
0,0,1,0,0,2023-07-03 20:02:17.505852698
0,0,0,0,1,2023-07-04 00:47:56.863333702
0,0,1,0,0,2023-07-04 06:58:13.007663965
0,1,0,0,0,2023-07-04 09:30:36.326931715
0,0,1,0,0,2023-07-04 10:01:21.129514933
1,0,0,0,0,2023-07-04 18:15:17.305604219
0,0,0,1,0,2023-07-04 18:33:56.944731951
0,0,0,1,0,2023-07-05 00:20:49.926193953
1,0,0,0,0,2023-07-05 08:10:46.770407438
0,1,0,0,0,2023-07-05 12:37:24.130086184
1,0,0,0,0,2023-07-05 12:51:28.620915413
0,0,1,0,0,2023-07-05 14:53:47.844170332
1,0,0,0,0,2023-07-05 17:11:47.357798338
1,0,0,0,0,2023-07-05 17:35:57.439511776
0,1,0,0,0,2023-07-06 02:27:25.656161785
0,0,1,0,0,2023-07-06 06:41:18.873677015
0,0,0,0,1,2023-07-06 08:00:48.110720634
0,0,0,0,1,2023-07-06 08:30:10.057780504
0,0,0,1,0,2023-07-07 02:03:24.204035521
1,0,0,0,0,2023-07-07 08:41:31.485871792
0,0,0,1,0,2023-07-07 10:03:34.493546486
0,1,0,0,0,2023-07-07 12:55:05.206992626
0,0,0,0,1,2023-07-08 05:44:42.010131121
1,0,0,0,0,2023-07-08 05:50:30.227749825
0,1,0,0,0,2023-07-08 06:05:47.217892647
0,1,0,0,0,2023-07-08 06:27:53.801728010
1,0,0,0,0,2023-07-08 21:30:56.993848324
0,1,0,0,0,2023-07-09 03:07:30.987785578
1,0,0,0,0,2023-07-09 06:03:54.438615322
1,0,0,0,0,2023-07-09 06:37:05.114095688
0,0,1,0,0,2023-07-09 06:51:26.473809719
0,0,0,1,0,2023-07-09 08:06:32.839861393
0,1,0,0,0,2023-07-09 15:36:42.828883410
0,1,0,0,0,2023-07-09 21:06:06.822179794
0,0,1,0,0,2023-07-09 23:18:06.893090248
0,0,1,0,0,2023-07-10 05:05:43.565021992
0,0,1,0,0,2023-07-10 11:32:33.417761087
0,0,0,0,1,2023-07-10 13:13:25.152024746
0,0,0,0,1,2023-07-10 13:13:54.927000999
0,0,0,0,1,2023-07-11 02:40:55.962810278
1,0,0,0,0,2023-07-11 03:27:57.421828270
0,1,0,0,0,2023-07-11 09:10:30.955334663
0,0,0,1,0,2023-07-11 10:51:11.293308496
1,0,0,0,0,2023-07-11 15:45:00.761798143
0,1,0,0,0,2023-07-11 18:01:36.561484575
0,1,0,0,0,2023-07-11 22:32:02.265046357
0,0,1,0,0,2023-07-12 00:47:41.585864782
0,0,1,0,0,2023-07-12 03:03:09.598978519
1,0,0,0,0,2023-07-12 06:34:11.780761480
0,0,1,0,0,2023-07-12 06:37:31.723973036
0,1,0,0,0,2023-07-12 08:09:13.260286807
0,0,1,0,0,2023-07-12 14:46:56.120207310
0,0,0,0,1,2023-07-12 15:19:08.883464813
0,0,1,0,0,2023-07-12 20:41:28.352375031
0,1,0,0,0,2023-07-13 01:14:00.637201548
1,0,0,0,0,2023-07-13 03:51:28.792854309
0,0,0,1,0,2023-07-13 07:14:10.646458626
0,0,1,0,0,2023-07-13 13:09:33.594476223
0,1,0,0,0,2023-07-13 17:03:33.458186865
0,0,0,1,0,2023-07-13 18:35:25.502566099
0,0,0,1,0,2023-07-13 21:08:49.882416487
0,0,0,0,1,2023-07-14 02:24:34.940784454
0,0,0,1,0,2023-07-14 15:16:09.247103214
0,1,0,0,0,2023-07-14 22:42:46.250468016
0,1,0,0,0,2023-07-14 23:16:04.862127542
0,0,1,0,0,2023-07-15 00:08:31.236050367
0,0,1,0,0,2023-07-15 03:51:10.969102621
0,0,1,0,0,2023-07-15 05:21:49.622343302
0,0,0,1,0,2023-07-15 10:46:12.779850960
0,0,0,1,0,2023-07-15 10:54:54.733113050
0,0,0,0,1,2023-07-15 12:39:57.544489145
0,0,1,0,0,2023-07-15 17:34:31.334049940
1,0,0,0,0,2023-07-15 23:59:40.254670620
0,0,0,0,1,2023-07-16 00:59:51.727939367
1,0,0,0,0,2023-07-16 05:23:51.992157936
0,0,0,1,0,2023-07-17 02:11:48.416153908
0,0,0,0,1,2023-07-17 20:32:33.967126608
0,0,0,0,1,2023-07-18 04:14:42.869969130
0,1,0,0,0,2023-07-18 13:23:01.506920338
0,0,0,1,0,2023-07-18 15:43:30.030955791
0,0,0,1,0,2023-07-18 23:37:04.151595116
0,0,0,0,1,2023-07-19 00:08:16.789698601
0,0,0,1,0,2023-07-19 01:20:56.087092876
0,0,0,0,1,2023-07-19 03:30:04.042422295
0,1,0,0,0,2023-07-19 13:14:47.195240498
0,0,0,0,1,2023-07-19 18:08:16.695899010
0,0,0,1,0,2023-07-19 21:43:28.552500963
0,0,0,1,0,2023-07-19 23:11:32.781321764
0,0,0,0,1,2023-07-20 08:34:12.984669685
0,0,0,0,1,2023-07-20 10:59:11.702465057
0,0,0,0,1,2023-07-20 20:08:14.560168266
0,0,1,0,0,2023-07-21 08:08:03.393864393
0,0,0,1,0,2023-07-22 03:09:52.531169415
0,0,0,1,0,2023-07-22 03:28:41.681117773
0,0,1,0,0,2023-07-22 11:26:12.950928688
0,0,0,0,1,2023-07-22 12:49:23.426083326
0,1,0,0,0,2023-07-23 00:35:37.135166407
0,0,0,0,1,2023-07-23 01:52:30.635954618
0,0,0,0,1,2023-07-23 02:14:20.783198357
0,0,1,0,0,2023-07-23 02:16:29.104224920
0,0,0,1,0,2023-07-23 06:51:23.988035917
0,0,0,0,1,2023-07-23 07:05:10.252241135
0,0,0,1,0,2023-07-23 08:19:47.673432350
1,0,0,0,0,2023-07-23 16:24:28.088600397
0,0,0,1,0,2023-07-23 17:43:52.617145061
0,1,0,0,0,2023-07-23 18:49:11.302333355
0,1,0,0,0,2023-07-23 21:19:37.803482771
0,0,0,0,1,2023-07-23 22:38:59.984989643
0,0,0,1,0,2023-07-24 01:33:52.043739080
0,0,0,0,1,2023-07-24 07:40:47.186136007
0,0,1,0,0,2023-07-24 10:27:36.247340202
0,1,0,0,0,2023-07-24 11:45:11.232384205
0,0,0,0,1,2023-07-24 13:52:16.967859983
0,0,1,0,0,2023-07-24 18:17:24.395137787
0,0,0,0,1,2023-07-25 10:46:04.200524807
0,0,0,1,0,2023-07-25 12:00:55.075605154
0,0,0,1,0,2023-07-25 17:02:03.273626566
0,0,0,1,0,2023-07-25 19:24:22.557783365
0,0,0,1,0,2023-07-25 22:57:29.740904093
1,0,0,0,0,2023-07-26 02:28:53.668572664
0,0,1,0,0,2023-07-26 03:21:11.636401415
0,0,1,0,0,2023-07-26 05:04:34.943075895
0,0,0,1,0,2023-07-26 06:44:58.105365038
1,0,0,0,0,2023-07-26 07:06:53.752716541
0,0,0,1,0,2023-07-26 18:22:37.877830029
1,0,0,0,0,2023-07-26 19:48:37.756213665
0,0,0,1,0,2023-07-26 23:25:50.951403379
0,1,0,0,0,2023-07-27 00:01:33.105664730
0,1,0,0,0,2023-07-27 00:46:45.608527184
0,0,0,0,1,2023-07-27 17:26:21.416565895
0,0,0,1,0,2023-07-27 18:03:58.695144653
0,0,1,0,0,2023-07-27 19:34:25.052257776
0,0,0,0,1,2023-07-27 22:01:43.105473757
0,1,0,0,0,2023-07-28 12:08:51.011706591
0,0,0,1,0,2023-07-28 18:26:42.200933695
0,0,0,0,1,2023-07-28 21:35:57.680140734
0,0,0,1,0,2023-07-29 04:28:52.819063425
0,1,0,0,0,2023-07-29 07:00:01.379094124
0,0,0,0,1,2023-07-29 09:29:08.397015095
0,1,0,0,0,2023-07-29 11:58:19.411765575
1,0,0,0,0,2023-07-29 12:08:06.816779375
0,1,0,0,0,2023-07-29 14:26:53.508360624
0,0,0,1,0,2023-07-29 20:10:54.527399540
0,0,1,0,0,2023-07-29 20:52:27.661370516
0,1,0,0,0,2023-07-30 04:51:06.894816637
0,0,1,0,0,2023-07-30 04:53:54.038995981
1,0,0,0,0,2023-07-30 16:18:08.341872215
0,0,0,0,1,2023-07-31 11:56:32.731589556
0,0,0,0,1,2023-07-31 14:13:20.687885761
0,0,1,0,0,2023-07-31 19:01:57.005758762
0,0,0,0,1,2023-07-31 22:40:53.998347521
0,1,0,0,0,2023-08-01 06:09:05.742706537
0,0,1,0,0,2023-08-01 09:59:33.039618731
0,0,0,1,0,2023-08-01 10:59:35.454739809
0,1,0,0,0,2023-08-01 11:39:06.313347816
0,1,0,0,0,2023-08-01 13:47:24.303275108
0,1,0,0,0,2023-08-01 18:53:54.391081572
0,0,0,1,0,2023-08-02 01:40:09.875883102
1,0,0,0,0,2023-08-02 09:56:49.661014318
0,0,0,0,1,2023-08-02 22:45:39.406908035
0,0,1,0,0,2023-08-03 00:01:59.485589743
1,0,0,0,0,2023-08-03 00:54:06.629557610
0,0,1,0,0,2023-08-03 04:21:52.484076977
0,0,0,0,1,2023-08-03 11:11:39.994139433
0,0,0,1,0,2023-08-03 15:08:27.218253851
0,1,0,0,0,2023-08-03 15:20:56.259803534
0,1,0,0,0,2023-08-04 07:28:01.809516191
0,0,0,1,0,2023-08-04 15:46:23.735663176
1,0,0,0,0,2023-08-04 20:10:19.440198898
1,0,0,0,0,2023-08-05 08:27:27.131567717
0,0,1,0,0,2023-08-05 10:15:51.991328001
0,0,0,1,0,2023-08-05 14:38:14.459664822
1,0,0,0,0,2023-08-05 18:06:23.305310726
0,0,0,1,0,2023-08-05 19:12:50.927752256
0,0,0,0,1,2023-08-06 03:53:24.324333668
0,1,0,0,0,2023-08-06 10:00:51.624663591
0,1,0,0,0,2023-08-06 10:22:56.529659748
0,1,0,0,0,2023-08-06 15:16:36.890141249
0,0,0,1,0,2023-08-07 06:09:30.278759956
0,0,0,1,0,2023-08-07 08:07:54.891872168
0,0,1,0,0,2023-08-07 11:40:37.930948734
0,1,0,0,0,2023-08-07 14:23:54.749651909
0,0,1,0,0,2023-08-07 15:46:48.587769270
0,1,0,0,0,2023-08-07 16:45:40.892558336
0,0,1,0,0,2023-08-07 17:41:46.151057959
0,0,1,0,0,2023-08-08 05:33:03.694951057
0,0,0,0,1,2023-08-08 12:43:58.645822287
0,0,1,0,0,2023-08-08 16:09:51.274071693
0,0,0,1,0,2023-08-08 19:13:09.507411956
0,0,1,0,0,2023-08-08 19:39:43.716150761
0,1,0,0,0,2023-08-09 00:02:15.300963640
0,0,1,0,0,2023-08-09 00:16:41.758263111
1,0,0,0,0,2023-08-09 03:59:07.864563704
0,1,0,0,0,2023-08-09 04:12:05.565085411
1,0,0,0,0,2023-08-09 06:49:39.992816925
0,1,0,0,0,2023-08-09 12:35:22.888659000
0,0,0,1,0,2023-08-09 19:04:11.708363056
0,0,0,1,0,2023-08-09 20:43:49.678016186
0,0,0,1,0,2023-08-10 00:31:05.443380117
1,0,0,0,0,2023-08-10 04:15:33.062273026
0,0,0,0,1,2023-08-10 06:54:11.282472372
0,1,0,0,0,2023-08-10 17:07:33.970257044
0,0,0,1,0,2023-08-10 18:23:02.967035294
0,1,0,0,0,2023-08-10 19:28:48.498255730
1,0,0,0,0,2023-08-11 14:53:20.073195934
0,0,0,0,1,2023-08-11 19:03:25.039343596
1,0,0,0,0,2023-08-12 01:41:37.899833441
0,1,0,0,0,2023-08-12 05:12:45.201312065
0,0,0,0,1,2023-08-12 15:58:36.548858643
0,0,0,0,1,2023-08-12 19:14:48.647817373
1,0,0,0,0,2023-08-12 20:08:05.347276926
0,0,0,1,0,2023-08-12 23:13:55.881927729
0,1,0,0,0,2023-08-13 07:00:39.632711887
0,0,1,0,0,2023-08-13 07:23:03.974194527
0,0,1,0,0,2023-08-13 22:09:14.631560326
1,0,0,0,0,2023-08-13 22:48:41.697471380
0,1,0,0,0,2023-08-13 23:04:16.413642645
0,1,0,0,0,2023-08-14 03:43:24.274806023
1,0,0,0,0,2023-08-14 09:32:39.572048664
0,1,0,0,0,2023-08-14 11:43:35.302930832
0,0,0,1,0,2023-08-14 14:38:50.203766346
1,0,0,0,0,2023-08-14 15:41:25.340604067
0,0,0,1,0,2023-08-14 17:57:19.580172300
0,1,0,0,0,2023-08-14 19:51:52.764372587
1,0,0,0,0,2023-08-14 20:08:00.198992252
0,1,0,0,0,2023-08-14 23:01:39.655241966
1,0,0,0,0,2023-08-15 01:43:59.656736612
0,1,0,0,0,2023-08-15 05:19:38.765546799
0,0,0,1,0,2023-08-15 13:58:23.617847204
0,0,0,1,0,2023-08-16 06:41:09.751178026
0,1,0,0,0,2023-08-16 09:29:36.387986660
1,0,0,0,0,2023-08-16 11:57:00.677813292
0,0,1,0,0,2023-08-16 13:17:23.429931164
0,0,0,1,0,2023-08-16 17:00:34.678669930
0,0,0,1,0,2023-08-16 18:20:30.063640832
0,0,1,0,0,2023-08-16 19:36:14.910770178
0,1,0,0,0,2023-08-17 00:01:53.437603235
1,0,0,0,0,2023-08-17 20:29:41.199542522
0,1,0,0,0,2023-08-18 06:29:32.451239347
0,0,0,0,1,2023-08-18 12:46:46.535827637
0,0,0,1,0,2023-08-18 19:56:57.418793201
0,0,0,0,1,2023-08-19 06:13:08.276169538
0,0,0,1,0,2023-08-19 10:07:05.956047058
0,0,0,1,0,2023-08-19 16:30:56.166860104
0,0,0,0,1,2023-08-19 21:53:20.521459578
0,0,0,0,1,2023-08-19 23:06:01.755270481
0,1,0,0,0,2023-08-19 23:06:49.827518940
0,0,0,0,1,2023-08-20 01:15:30.246603727
0,1,0,0,0,2023-08-20 16:13:12.578387022
0,1,0,0,0,2023-08-21 02:15:25.057842731
0,1,0,0,0,2023-08-21 07:53:26.822614431
0,0,0,1,0,2023-08-21 07:54:26.946456432
0,0,0,1,0,2023-08-21 09:57:53.118502617
0,0,0,0,1,2023-08-21 12:06:05.139245272
0,0,0,1,0,2023-08-21 14:52:23.357814074
0,0,0,0,1,2023-08-21 18:40:33.380419970
0,0,0,1,0,2023-08-21 19:32:16.894094229
1,0,0,0,0,2023-08-21 23:31:08.850347996
1,0,0,0,0,2023-08-21 23:53:33.394476175
0,0,0,0,1,2023-08-22 01:01:35.050225973
0,0,0,1,0,2023-08-22 01:40:27.871783495
0,0,0,1,0,2023-08-22 04:19:14.722143173
0,1,0,0,0,2023-08-22 06:06:13.104109764
0,0,1,0,0,2023-08-22 06:15:29.274703741
0,0,0,0,1,2023-08-22 06:36:34.957448006
0,0,1,0,0,2023-08-22 08:47:55.877460957
0,0,1,0,0,2023-08-22 17:24:40.091486931
0,0,0,0,1,2023-08-22 23:30:34.448693514
0,0,0,1,0,2023-08-23 00:53:45.175221682
0,0,0,0,1,2023-08-23 01:23:12.337003231
0,0,1,0,0,2023-08-23 06:22:47.314350128
0,0,0,1,0,2023-08-23 06:40:58.256530046
1,0,0,0,0,2023-08-23 07:29:42.152104378
0,0,0,0,1,2023-08-23 16:08:08.562072754
0,0,0,0,1,2023-08-23 17:17:26.432497978
0,0,0,1,0,2023-08-23 17:48:09.585354328
1,0,0,0,0,2023-08-24 09:28:56.517711638
1,0,0,0,0,2023-08-24 20:58:15.273259640
0,0,0,1,0,2023-08-25 02:19:57.811769724
0,1,0,0,0,2023-08-25 15:28:02.955060482
0,0,0,0,1,2023-08-25 16:23:50.469988346
0,0,0,0,1,2023-08-25 17:02:11.867918253
0,0,1,0,0,2023-08-25 18:01:42.270393372
0,0,0,1,0,2023-08-25 20:05:17.593044281
0,0,1,0,0,2023-08-25 22:26:32.077058315
0,0,1,0,0,2023-08-26 05:48:00.591697216
1,0,0,0,0,2023-08-26 09:14:15.211994171
0,0,0,0,1,2023-08-26 10:39:49.861690998
0,0,1,0,0,2023-08-26 13:16:45.693682194
1,0,0,0,0,2023-08-26 19:22:11.618611336
0,0,0,1,0,2023-08-26 23:08:11.650325775
0,0,1,0,0,2023-08-27 01:31:37.303946495
0,0,0,0,1,2023-08-27 05:45:04.463494062
0,0,1,0,0,2023-08-27 08:27:42.076239109
0,0,0,1,0,2023-08-27 22:38:36.060142279
0,0,1,0,0,2023-08-28 06:47:26.969412327
0,0,0,0,1,2023-08-28 10:30:13.565732002
1,0,0,0,0,2023-08-28 14:41:38.826707363
0,0,0,0,1,2023-08-28 19:47:41.404289722
1,0,0,0,0,2023-08-28 20:47:04.966845512
0,1,0,0,0,2023-08-29 03:06:57.071256638
0,0,0,0,1,2023-08-29 06:36:44.301265240
0,0,0,0,1,2023-08-29 14:28:48.759398222
0,0,0,1,0,2023-08-29 21:18:29.784897089
0,0,1,0,0,2023-08-29 21:56:32.249546289
1,0,0,0,0,2023-08-29 23:03:12.398822784
1,0,0,0,0,2023-08-29 23:24:40.001353741
0,0,0,1,0,2023-08-30 03:08:54.372688532
0,0,0,1,0,2023-08-30 04:56:14.305524349
0,0,1,0,0,2023-08-30 16:03:58.668212891
0,0,1,0,0,2023-08-30 17:41:36.569539785
0,0,0,0,1,2023-08-30 17:43:33.713046074
0,1,0,0,0,2023-08-30 21:24:39.353251457
0,0,1,0,0,2023-08-30 22:01:55.672602177
0,0,0,1,0,2023-08-31 03:07:03.220769644
0,0,1,0,0,2023-08-31 05:11:32.766064882
1,0,0,0,0,2023-08-31 18:16:11.669487000
0,1,0,0,0,2023-08-31 18:53:27.705585957
0,0,0,0,1,2023-09-01 04:00:22.043173790
1,0,0,0,0,2023-09-01 04:44:18.839338541
1,0,0,0,0,2023-09-01 07:47:45.976800442
0,1,0,0,0,2023-09-01 07:50:54.656478643
0,0,0,0,1,2023-09-01 08:52:09.323371649
0,0,0,1,0,2023-09-01 11:49:14.615012884
0,0,0,0,1,2023-09-01 12:58:30.079406500
0,0,1,0,0,2023-09-01 14:28:06.009770870
1,0,0,0,0,2023-09-02 00:03:08.417766809
0,0,1,0,0,2023-09-02 06:26:32.944614172
0,0,0,1,0,2023-09-02 06:30:35.407106400
0,0,1,0,0,2023-09-02 06:31:14.295301437
0,0,0,0,1,2023-09-02 09:00:03.258133410
0,0,1,0,0,2023-09-02 09:40:51.630921841
0,0,0,1,0,2023-09-02 13:32:23.610980988
0,0,0,1,0,2023-09-02 19:34:33.601553917
0,0,0,1,0,2023-09-02 20:39:03.093900681
0,0,0,0,1,2023-09-02 21:19:13.345341921
0,0,0,1,0,2023-09-02 21:32:28.851424932
1,0,0,0,0,2023-09-02 22:32:32.239180088
0,0,0,1,0,2023-09-03 04:50:40.334238291
0,0,1,0,0,2023-09-03 08:54:56.870969057
0,0,1,0,0,2023-09-03 09:22:03.299565792
0,0,1,0,0,2023-09-03 16:06:04.750939846
0,0,0,0,1,2023-09-03 17:53:50.241893291
0,0,1,0,0,2023-09-03 22:41:27.042093277
0,0,0,0,1,2023-09-03 23:49:52.788985252
0,0,0,0,1,2023-09-04 04:57:09.530937672
0,0,0,1,0,2023-09-04 08:04:35.870749950
1,0,0,0,0,2023-09-04 09:35:48.449739933
0,0,0,1,0,2023-09-04 10:38:24.666864157
0,0,0,1,0,2023-09-04 12:54:45.987722397
0,0,0,0,1,2023-09-04 16:42:54.275767565
0,0,0,0,1,2023-09-05 02:58:29.072446823
0,0,1,0,0,2023-09-05 15:57:52.515861988
0,0,1,0,0,2023-09-06 19:20:23.463932514
0,0,0,1,0,2023-09-06 19:49:15.220486164
0,1,0,0,0,2023-09-07 08:36:04.392458200
0,1,0,0,0,2023-09-07 10:29:59.160759926
0,0,1,0,0,2023-09-08 03:12:53.577593327
0,1,0,0,0,2023-09-08 05:30:27.284873009
0,0,1,0,0,2023-09-08 06:39:45.773141861
0,0,0,0,1,2023-09-08 07:53:24.001473904
0,0,0,1,0,2023-09-08 17:20:27.487571239
1,0,0,0,0,2023-09-08 19:18:42.965118647
0,0,0,1,0,2023-09-08 19:21:28.157954931
0,0,1,0,0,2023-09-08 19:51:43.369280815
0,0,1,0,0,2023-09-08 20:46:46.669022322
0,0,0,1,0,2023-09-09 00:50:32.335610390
0,0,1,0,0,2023-09-09 04:43:39.421247959
0,1,0,0,0,2023-09-09 08:16:59.202480555
0,1,0,0,0,2023-09-09 14:00:33.336895704
0,0,1,0,0,2023-09-09 14:42:36.683248043
0,0,1,0,0,2023-09-09 18:17:22.634671211
0,1,0,0,0,2023-09-09 22:24:23.059524775
0,0,1,0,0,2023-09-10 00:38:31.495875835
0,0,1,0,0,2023-09-10 10:00:11.425493240
0,0,0,1,0,2023-09-10 18:56:34.084791899
1,0,0,0,0,2023-09-10 21:16:04.048212051
0,1,0,0,0,2023-09-11 06:53:35.177149773
0,0,0,1,0,2023-09-11 11:19:59.186101437
1,0,0,0,0,2023-09-11 11:22:26.504795550
0,0,1,0,0,2023-09-11 11:25:38.653162718
0,0,1,0,0,2023-09-11 16:02:39.163035393
0,0,0,1,0,2023-09-11 17:11:57.175302982
0,0,1,0,0,2023-09-11 17:53:22.367940664
0,0,0,0,1,2023-09-12 05:18:16.936822414
0,0,0,1,0,2023-09-12 06:59:18.310361862
1,0,0,0,0,2023-09-12 10:20:13.311217546
0,0,0,1,0,2023-09-12 12:00:09.976013899
0,1,0,0,0,2023-09-12 14:50:32.383832932
0,0,0,1,0,2023-09-12 21:48:16.827538013
0,0,1,0,0,2023-09-12 22:57:31.430887461
0,0,1,0,0,2023-09-13 03:26:36.507467746
0,0,0,0,1,2023-09-13 05:37:30.511275530
0,0,0,0,1,2023-09-13 06:52:44.907195091
0,0,0,0,1,2023-09-13 08:22:54.677120686
1,0,0,0,0,2023-09-13 08:58:54.276904583
0,0,0,0,1,2023-09-13 10:35:11.626220226
1,0,0,0,0,2023-09-13 12:03:53.325295210
0,0,0,0,1,2023-09-14 03:14:01.321495771
1,0,0,0,0,2023-09-14 03:34:51.664984941
0,0,0,1,0,2023-09-14 11:25:03.432076931
0,0,0,1,0,2023-09-14 12:50:24.330214977
0,0,1,0,0,2023-09-14 14:07:19.130710363
1,0,0,0,0,2023-09-14 16:40:34.983977556
0,1,0,0,0,2023-09-14 20:25:25.878629923
0,0,1,0,0,2023-09-15 02:39:25.843649626
0,0,0,1,0,2023-09-15 17:46:46.736873627
1,0,0,0,0,2023-09-15 20:02:16.223817587
0,0,0,0,1,2023-09-15 20:12:02.868272543
0,1,0,0,0,2023-09-15 20:16:01.688405037
0,0,0,1,0,2023-09-15 23:13:10.345192194
0,0,1,0,0,2023-09-16 00:53:45.631813526
1,0,0,0,0,2023-09-16 00:56:22.677542210
0,1,0,0,0,2023-09-16 04:09:59.133480072
1,0,0,0,0,2023-09-16 12:13:55.267028331
0,0,0,0,1,2023-09-16 20:29:50.992483616
0,0,1,0,0,2023-09-16 22:32:04.072198391
1,0,0,0,0,2023-09-16 22:53:47.128869772
0,0,0,1,0,2023-09-17 01:43:30.694150686
0,0,1,0,0,2023-09-17 11:38:00.950531006
0,0,0,1,0,2023-09-17 19:59:30.409628868
1,0,0,0,0,2023-09-18 01:14:52.439149857
0,0,1,0,0,2023-09-18 01:35:09.519385815
0,0,0,1,0,2023-09-18 02:58:05.567540884
0,0,0,0,1,2023-09-18 04:42:33.517269135
0,0,0,0,1,2023-09-18 06:24:16.533602476
1,0,0,0,0,2023-09-18 13:26:49.828469276
0,0,1,0,0,2023-09-18 16:03:24.603487730
0,1,0,0,0,2023-09-18 22:49:03.215740681
0,0,1,0,0,2023-09-19 02:19:41.769223213
0,0,0,0,1,2023-09-19 04:02:45.590637922
0,0,0,1,0,2023-09-19 19:31:49.658540487
0,1,0,0,0,2023-09-19 21:41:00.755041838
1,0,0,0,0,2023-09-20 08:10:13.993254900
0,1,0,0,0,2023-09-20 09:22:05.085658312
1,0,0,0,0,2023-09-20 10:31:54.014315367
0,1,0,0,0,2023-09-20 13:37:31.048186064
1,0,0,0,0,2023-09-20 15:23:24.794578314
1,0,0,0,0,2023-09-20 18:53:49.950459242
0,1,0,0,0,2023-09-20 19:52:57.303942442
0,1,0,0,0,2023-09-21 00:42:36.894190788
1,0,0,0,0,2023-09-21 01:53:29.036721468
0,0,0,0,1,2023-09-21 03:12:11.886604309
0,1,0,0,0,2023-09-21 04:45:51.128095865
0,0,1,0,0,2023-09-21 10:45:00.713206768
0,0,0,1,0,2023-09-21 11:09:02.418947697
1,0,0,0,0,2023-09-22 13:22:22.541266680
1,0,0,0,0,2023-09-22 13:41:43.906087160
0,0,0,1,0,2023-09-23 02:05:35.033613682
0,0,0,0,1,2023-09-23 08:24:07.496695518
0,0,0,1,0,2023-09-23 11:38:22.299919128
0,1,0,0,0,2023-09-23 13:28:30.031134129
0,0,0,1,0,2023-09-23 17:02:38.857179165
1,0,0,0,0,2023-09-23 19:39:49.462295532
0,0,0,1,0,2023-09-23 21:48:59.979970217
0,0,1,0,0,2023-09-24 02:45:56.728981018
0,1,0,0,0,2023-09-24 03:03:40.268993378
0,0,0,1,0,2023-09-24 07:39:29.449784756
1,0,0,0,0,2023-09-24 10:41:25.733071327
0,1,0,0,0,2023-09-24 11:04:11.654511213
1,0,0,0,0,2023-09-24 11:50:10.780365467
0,0,0,0,1,2023-09-24 12:24:35.592407703
0,0,1,0,0,2023-09-25 03:38:16.062689543
0,0,0,0,1,2023-09-25 05:29:02.958073378
0,0,1,0,0,2023-09-25 09:03:03.201853514
0,0,0,1,0,2023-09-25 18:13:18.307290077
0,1,0,0,0,2023-09-25 22:56:57.315406799
0,0,0,1,0,2023-09-26 08:52:03.526402712
0,0,1,0,0,2023-09-26 12:36:44.627505541
0,0,1,0,0,2023-09-26 14:20:27.241977215
0,0,1,0,0,2023-09-26 16:37:41.944448471
1,0,0,0,0,2023-09-26 22:01:50.080114841
0,1,0,0,0,2023-09-26 23:49:44.837041140
0,0,0,1,0,2023-09-27 01:11:59.447202444
0,0,0,1,0,2023-09-27 06:07:56.968488693
0,0,0,0,1,2023-09-27 12:33:26.139196634
0,0,1,0,0,2023-09-27 14:52:59.068172216
0,0,1,0,0,2023-09-27 17:20:34.667549849
0,0,1,0,0,2023-09-27 22:32:31.413549185
0,0,0,1,0,2023-09-27 23:57:30.984083414
0,0,0,0,1,2023-09-27 23:58:06.334511280
1,0,0,0,0,2023-09-28 02:03:57.034670353
0,1,0,0,0,2023-09-28 02:50:16.148343086
1,0,0,0,0,2023-09-28 16:24:52.703699827
0,0,0,1,0,2023-09-28 16:39:10.102515936
0,0,1,0,0,2023-09-28 16:54:29.807070971
0,1,0,0,0,2023-09-29 01:02:09.592939854
0,0,0,1,0,2023-09-29 05:07:19.158908129
0,0,0,1,0,2023-09-29 07:45:04.930595160
0,0,0,1,0,2023-09-29 09:31:14.986630201
0,1,0,0,0,2023-09-29 12:12:30.577199936
0,1,0,0,0,2023-09-29 15:03:45.396553755
0,0,0,0,1,2023-09-29 17:33:15.326461315
0,0,0,0,1,2023-09-29 19:23:07.392493486
1,0,0,0,0,2023-09-30 00:03:07.634005785
0,1,0,0,0,2023-09-30 02:01:42.738449097
0,1,0,0,0,2023-09-30 18:36:49.230416775
0,1,0,0,0,2023-10-01 07:37:29.728490591
0,0,0,0,1,2023-10-01 09:00:01.121886015
0,0,0,1,0,2023-10-01 09:19:08.737884998
0,0,1,0,0,2023-10-01 12:21:09.282495975
0,0,0,0,1,2023-10-01 13:53:42.087866545
0,1,0,0,0,2023-10-01 15:51:56.588731527
0,0,0,0,1,2023-10-01 19:09:50.898560524
1,0,0,0,0,2023-10-02 02:04:12.246678829
0,1,0,0,0,2023-10-02 03:22:27.800586700
1,0,0,0,0,2023-10-02 08:47:36.658885479
0,1,0,0,0,2023-10-02 12:08:55.708172083
0,0,0,0,1,2023-10-02 17:49:10.503083944
0,0,0,1,0,2023-10-02 22:52:33.751375198
0,0,1,0,0,2023-10-02 23:04:27.647474766
1,0,0,0,0,2023-10-03 02:01:58.660302639
0,0,0,0,1,2023-10-03 06:34:30.304679155
0,0,0,1,0,2023-10-03 10:10:47.096676350
0,0,0,0,1,2023-10-03 13:38:19.402980089
1,0,0,0,0,2023-10-03 22:23:46.651147604
0,0,1,0,0,2023-10-03 22:46:02.064208984
0,0,0,0,1,2023-10-03 23:42:17.963115215
0,1,0,0,0,2023-10-04 00:58:31.498195648
0,0,0,1,0,2023-10-04 14:45:29.066652060
0,0,0,0,1,2023-10-04 23:29:44.458300591
0,0,0,1,0,2023-10-05 03:32:58.407542944
0,1,0,0,0,2023-10-05 06:06:01.841933489
0,0,1,0,0,2023-10-05 13:30:28.296308041
0,0,1,0,0,2023-10-05 15:26:35.582198858
0,1,0,0,0,2023-10-05 20:24:15.062203169
0,0,0,1,0,2023-10-05 22:13:10.071711779
0,0,0,0,1,2023-10-05 23:42:43.127866745
0,1,0,0,0,2023-10-06 06:36:16.012607574
1,0,0,0,0,2023-10-06 11:56:09.066009760
0,0,0,1,0,2023-10-06 16:01:51.868271351
0,0,1,0,0,2023-10-06 20:24:12.909626722
0,1,0,0,0,2023-10-06 23:27:30.680227757
0,0,1,0,0,2023-10-07 05:49:45.496461153
0,0,0,1,0,2023-10-07 10:00:02.181613922
0,0,1,0,0,2023-10-07 10:54:40.929228067
0,1,0,0,0,2023-10-07 11:24:10.564074039
0,0,0,1,0,2023-10-07 12:50:08.449349642
1,0,0,0,0,2023-10-07 15:44:10.748826265
0,1,0,0,0,2023-10-07 23:30:39.483545542
0,0,0,0,1,2023-10-08 05:08:32.555363655
0,1,0,0,0,2023-10-08 05:12:29.738597393
0,0,0,1,0,2023-10-08 14:03:09.970676661
0,1,0,0,0,2023-10-08 14:14:03.167321205
1,0,0,0,0,2023-10-08 14:31:04.068958044
1,0,0,0,0,2023-10-08 15:09:20.968877792
0,0,0,0,1,2023-10-08 16:25:31.445305347
0,0,1,0,0,2023-10-08 20:56:56.401778698
0,0,0,1,0,2023-10-09 04:37:32.297548532
0,0,0,1,0,2023-10-09 11:29:11.697209358
0,0,1,0,0,2023-10-09 15:49:34.968193531
1,0,0,0,0,2023-10-10 02:47:22.701169968
1,0,0,0,0,2023-10-10 03:20:16.759005308
0,1,0,0,0,2023-10-10 07:08:05.550226450
0,0,0,0,1,2023-10-10 15:33:39.383838892
0,0,0,0,1,2023-10-10 19:40:42.514817238
0,0,0,0,1,2023-10-10 22:05:21.957789898
0,1,0,0,0,2023-10-11 11:54:44.661839247
0,0,0,0,1,2023-10-11 21:16:31.674130201
0,0,1,0,0,2023-10-12 05:01:40.934436083
0,1,0,0,0,2023-10-12 06:15:53.423738241
0,0,1,0,0,2023-10-12 09:39:10.165954828
0,1,0,0,0,2023-10-12 13:02:09.006385803
0,0,0,0,1,2023-10-13 15:58:30.264276265
0,0,1,0,0,2023-10-13 18:35:13.237544060
0,0,1,0,0,2023-10-13 19:40:12.497539759
0,0,1,0,0,2023-10-14 05:07:28.624874115
0,1,0,0,0,2023-10-14 05:57:43.932924747
0,0,0,1,0,2023-10-14 12:34:26.425228119
0,0,0,0,1,2023-10-14 15:52:36.612939596
0,0,1,0,0,2023-10-14 20:37:03.450351000
0,0,0,1,0,2023-10-15 14:15:40.403600931
0,0,0,0,1,2023-10-15 14:57:57.353421450
0,0,0,0,1,2023-10-15 23:27:06.316270113
0,0,1,0,0,2023-10-15 23:40:05.994819403
0,0,1,0,0,2023-10-16 00:10:25.962926865
0,1,0,0,0,2023-10-16 04:24:25.951429844
0,0,0,1,0,2023-10-16 17:55:44.667593479
0,0,0,1,0,2023-10-16 18:12:44.268533707
0,0,1,0,0,2023-10-17 02:53:23.257607222
0,0,0,0,1,2023-10-17 13:58:16.758238554
0,0,1,0,0,2023-10-17 22:21:30.540011883
0,0,0,0,1,2023-10-19 01:04:42.377318144
0,0,0,0,1,2023-10-19 01:15:05.496258736
0,0,1,0,0,2023-10-19 03:07:26.045648813
1,0,0,0,0,2023-10-19 06:37:08.945698261
0,0,0,1,0,2023-10-19 09:07:39.922757149
0,0,0,0,1,2023-10-19 12:00:40.208882809
0,0,0,0,1,2023-10-19 12:57:51.832134247
1,0,0,0,0,2023-10-19 14:12:16.349506378
0,1,0,0,0,2023-10-19 20:44:10.577122688
1,0,0,0,0,2023-10-19 21:05:52.184476137
1,0,0,0,0,2023-10-20 06:56:19.500603676
0,0,0,0,1,2023-10-20 16:30:26.532420635
0,0,0,1,0,2023-10-20 17:28:29.808235168
1,0,0,0,0,2023-10-20 18:59:57.060267448
0,1,0,0,0,2023-10-20 20:04:14.523391008
0,0,1,0,0,2023-10-20 20:34:07.289244890
1,0,0,0,0,2023-10-21 03:51:37.258620739
1,0,0,0,0,2023-10-21 10:51:20.480890036
0,1,0,0,0,2023-10-21 15:20:39.862640381
0,0,0,1,0,2023-10-22 04:11:39.719353676
1,0,0,0,0,2023-10-22 04:21:15.333001852
1,0,0,0,0,2023-10-22 13:03:06.845604420
0,0,0,1,0,2023-10-23 09:17:16.132524729
0,1,0,0,0,2023-10-23 11:28:20.866770267
1,0,0,0,0,2023-10-23 12:37:58.780525446
0,0,0,1,0,2023-10-23 14:35:29.706777334
1,0,0,0,0,2023-10-23 15:38:24.704680681
0,0,1,0,0,2023-10-23 18:22:53.142850399
0,0,0,0,1,2023-10-23 20:06:04.005229712
0,0,1,0,0,2023-10-24 04:42:27.338267565
1,0,0,0,0,2023-10-24 14:05:21.179364681
0,1,0,0,0,2023-10-25 01:28:59.405102730
0,0,0,0,1,2023-10-25 03:39:37.822103262
0,0,1,0,0,2023-10-25 04:33:55.511129140
0,0,0,1,0,2023-10-25 06:12:17.461557388
0,1,0,0,0,2023-10-25 08:34:14.590347767
0,0,1,0,0,2023-10-25 08:35:17.874222517
0,0,0,1,0,2023-10-25 09:13:22.153895855
1,0,0,0,0,2023-10-25 12:41:41.686589956
0,0,0,1,0,2023-10-25 12:51:16.868056774
0,0,1,0,0,2023-10-25 17:59:07.674019814
0,0,1,0,0,2023-10-25 21:35:59.108025789
1,0,0,0,0,2023-10-26 13:11:25.239874125
0,0,0,1,0,2023-10-26 17:43:32.771122932
0,0,0,1,0,2023-10-26 19:07:03.494212389
1,0,0,0,0,2023-10-26 20:55:26.430529356
0,0,0,1,0,2023-10-26 22:17:18.620928526
1,0,0,0,0,2023-10-26 23:47:01.676177502
0,1,0,0,0,2023-10-27 00:07:38.307929993
0,0,1,0,0,2023-10-27 00:48:32.955115318
0,1,0,0,0,2023-10-27 02:17:26.404527426
0,0,0,0,1,2023-10-27 03:51:33.987649679
0,0,0,0,1,2023-10-27 06:28:39.737433672
0,0,0,0,1,2023-10-27 11:21:26.810878515
1,0,0,0,0,2023-10-27 14:00:40.873322964
0,0,0,1,0,2023-10-28 04:44:37.387648821
0,1,0,0,0,2023-10-28 05:54:19.978525400
0,1,0,0,0,2023-10-28 15:29:26.068353176
0,1,0,0,0,2023-10-29 06:05:46.512667656
0,1,0,0,0,2023-10-29 15:47:25.651666880
0,0,0,0,1,2023-10-29 18:32:21.515595912
0,1,0,0,0,2023-10-29 20:24:16.012403965
0,0,0,1,0,2023-10-29 23:08:19.472493410
0,0,0,0,1,2023-10-30 12:22:29.465205669
0,1,0,0,0,2023-10-31 03:25:39.519059896
1,0,0,0,0,2023-10-31 10:18:37.652291536
0,0,1,0,0,2023-10-31 18:15:35.445902824
0,0,1,0,0,2023-11-01 04:06:57.226125240
0,0,1,0,0,2023-11-01 07:37:03.772921562
0,0,0,0,1,2023-11-01 08:49:49.955523729
0,1,0,0,0,2023-11-01 09:51:12.399315834
0,0,0,0,1,2023-11-01 10:04:58.354622126
0,0,0,1,0,2023-11-01 17:32:32.041672945
1,0,0,0,0,2023-11-01 19:54:43.121025085
1,0,0,0,0,2023-11-02 01:35:26.714326620
0,0,1,0,0,2023-11-02 03:40:10.388558149
0,0,1,0,0,2023-11-02 05:48:38.607905149
0,0,1,0,0,2023-11-02 10:22:24.200474501
0,1,0,0,0,2023-11-02 11:13:51.381939650
0,0,0,1,0,2023-11-02 11:19:36.304198742
0,0,0,1,0,2023-11-02 11:59:20.246823788
0,0,0,1,0,2023-11-02 21:54:24.471167803
0,0,0,1,0,2023-11-03 00:35:56.654174566
0,0,1,0,0,2023-11-03 03:45:49.231947184
1,0,0,0,0,2023-11-03 06:18:46.500401258
0,0,1,0,0,2023-11-03 09:13:38.279276133
0,0,0,1,0,2023-11-03 10:52:40.335118771
0,0,1,0,0,2023-11-04 01:25:57.162233353
0,0,0,1,0,2023-11-04 05:21:10.004363298
0,0,0,0,1,2023-11-04 06:43:38.067668438
1,0,0,0,0,2023-11-04 16:08:21.518078803
0,0,0,0,1,2023-11-05 09:37:39.029169798
0,1,0,0,0,2023-11-05 10:37:28.955918789
0,0,1,0,0,2023-11-05 13:10:09.095535278
0,1,0,0,0,2023-11-05 15:26:06.779584408
0,0,1,0,0,2023-11-05 20:29:47.269749641
0,0,0,0,1,2023-11-06 01:53:45.790509701
0,0,0,1,0,2023-11-06 06:54:01.710242748
0,0,0,1,0,2023-11-06 08:45:23.729508162
0,0,1,0,0,2023-11-06 09:44:31.728861332
0,0,0,1,0,2023-11-06 09:54:22.297237873
0,0,0,0,1,2023-11-06 10:37:10.238777161
0,0,0,1,0,2023-11-06 14:23:37.819188833
0,0,0,0,1,2023-11-06 14:37:02.880870819
0,1,0,0,0,2023-11-06 22:12:58.973078251
0,0,0,0,1,2023-11-06 22:30:42.774633884
1,0,0,0,0,2023-11-07 01:59:35.963499308
1,0,0,0,0,2023-11-07 06:24:33.459800482
1,0,0,0,0,2023-11-07 17:06:12.797914267
0,0,1,0,0,2023-11-07 19:31:36.641734362
0,0,1,0,0,2023-11-07 20:42:47.768273354
0,0,1,0,0,2023-11-07 22:08:44.070932150
0,0,0,0,1,2023-11-08 00:51:56.358715534
0,0,1,0,0,2023-11-08 10:08:37.900701761
0,1,0,0,0,2023-11-08 13:12:30.067350626
1,0,0,0,0,2023-11-08 19:07:19.480586529
0,0,0,0,1,2023-11-09 03:32:44.552706957
1,0,0,0,0,2023-11-09 14:33:44.683295488
0,0,1,0,0,2023-11-09 22:00:54.794809580
0,0,0,0,1,2023-11-10 06:08:36.386540413
0,0,0,1,0,2023-11-10 08:35:51.110998154
0,1,0,0,0,2023-11-10 15:06:24.927034616
0,0,1,0,0,2023-11-10 21:52:13.888403654
0,0,1,0,0,2023-11-11 00:40:21.071007729
0,1,0,0,0,2023-11-11 05:34:35.711722851
0,1,0,0,0,2023-11-11 11:13:12.271949768
0,0,0,1,0,2023-11-11 14:05:08.373251677
0,0,1,0,0,2023-11-11 14:42:20.770921946
0,0,1,0,0,2023-11-11 18:14:38.284274101
1,0,0,0,0,2023-11-12 02:24:36.650877476
0,0,0,0,1,2023-11-12 11:59:57.603637218
0,0,0,0,1,2023-11-12 12:35:29.850581646
1,0,0,0,0,2023-11-12 19:31:37.858341694
0,0,0,0,1,2023-11-13 12:03:40.062653302
0,1,0,0,0,2023-11-13 12:56:15.716323376
0,0,0,0,1,2023-11-13 20:13:17.354771376
0,0,0,0,1,2023-11-13 23:30:16.309372663
1,0,0,0,0,2023-11-14 08:15:52.429656744
0,0,0,1,0,2023-11-14 14:35:28.643904209
0,0,0,0,1,2023-11-14 16:07:24.872753859
0,0,0,0,1,2023-11-14 16:10:54.800356627
0,0,0,1,0,2023-11-14 16:54:53.726670980
1,0,0,0,0,2023-11-14 17:28:47.509422064
0,0,0,1,0,2023-11-14 17:57:27.241893768
1,0,0,0,0,2023-11-14 19:52:48.212044954
0,1,0,0,0,2023-11-14 23:53:33.276319027
1,0,0,0,0,2023-11-15 06:30:35.486000538
0,1,0,0,0,2023-11-15 11:29:54.844783306
0,1,0,0,0,2023-11-16 00:55:29.371172428
1,0,0,0,0,2023-11-16 05:11:36.476437092
0,0,1,0,0,2023-11-16 05:40:06.994907856
1,0,0,0,0,2023-11-17 00:53:11.488846540
0,0,0,0,1,2023-11-17 02:03:13.793142796
0,0,0,0,1,2023-11-17 02:35:42.708744764
0,0,1,0,0,2023-11-17 07:28:23.898030519
0,1,0,0,0,2023-11-17 13:17:38.008863211
0,0,1,0,0,2023-11-17 13:20:03.540793657
0,0,0,0,1,2023-11-18 02:34:39.124820709
0,0,1,0,0,2023-11-18 05:01:08.224440575
1,0,0,0,0,2023-11-18 11:45:34.181438446
0,0,1,0,0,2023-11-18 12:54:59.035311460
0,1,0,0,0,2023-11-18 18:55:18.906143188
1,0,0,0,0,2023-11-18 21:05:13.650201082
0,0,0,1,0,2023-11-18 21:43:35.324676037
0,0,0,0,1,2023-11-18 22:22:07.692161322
0,0,0,0,1,2023-11-18 23:26:55.396241903
0,0,1,0,0,2023-11-19 06:39:16.204680204
1,0,0,0,0,2023-11-19 09:12:34.639119864
0,0,0,1,0,2023-11-19 10:29:39.834144592
1,0,0,0,0,2023-11-19 12:42:17.101372957
0,0,0,0,1,2023-11-19 19:42:32.323610306
1,0,0,0,0,2023-11-19 22:30:12.208510399
0,0,0,1,0,2023-11-20 02:10:02.687019348
0,0,1,0,0,2023-11-20 11:26:56.078578472
0,1,0,0,0,2023-11-20 22:42:04.733614445
1,0,0,0,0,2023-11-21 01:24:52.125185728
0,1,0,0,0,2023-11-21 02:50:05.393195152
0,0,0,0,1,2023-11-21 09:02:41.505206823
0,0,1,0,0,2023-11-21 22:31:37.368309498
0,0,1,0,0,2023-11-22 01:08:02.517446280
1,0,0,0,0,2023-11-22 02:23:52.046851873
0,0,1,0,0,2023-11-22 04:25:22.612573385
1,0,0,0,0,2023-11-22 06:45:20.663047075
1,0,0,0,0,2023-11-22 06:47:17.162699699
0,1,0,0,0,2023-11-22 13:05:17.202015638
0,0,1,0,0,2023-11-22 19:34:10.769304991
1,0,0,0,0,2023-11-22 19:47:22.027536631
0,1,0,0,0,2023-11-22 21:31:14.432334900
0,0,0,1,0,2023-11-22 22:13:44.712621450
0,1,0,0,0,2023-11-23 00:37:23.140802860
0,1,0,0,0,2023-11-23 01:35:40.947090626
1,0,0,0,0,2023-11-23 02:04:22.656780005
0,0,0,0,1,2023-11-23 15:43:57.694981813
0,0,0,0,1,2023-11-24 03:25:44.822480679
0,0,0,0,1,2023-11-24 03:59:44.707835197
0,1,0,0,0,2023-11-24 05:35:16.345223188
1,0,0,0,0,2023-11-24 10:18:15.768922806
0,0,1,0,0,2023-11-24 13:49:13.229954720
0,1,0,0,0,2023-11-24 15:04:43.122109890
0,1,0,0,0,2023-11-24 15:49:47.603448629
1,0,0,0,0,2023-11-25 00:45:07.794197321
0,0,0,1,0,2023-11-25 02:22:19.538701773
0,1,0,0,0,2023-11-25 02:40:17.871413946
0,0,0,1,0,2023-11-25 04:52:18.370940924
0,0,0,1,0,2023-11-25 07:01:13.274160624
0,0,0,0,1,2023-11-25 09:10:44.659353971
1,0,0,0,0,2023-11-25 14:23:31.530302048
0,0,0,1,0,2023-11-25 23:53:04.532957792
1,0,0,0,0,2023-11-26 01:41:43.937228441
0,0,0,0,1,2023-11-26 02:14:08.032526254
1,0,0,0,0,2023-11-26 17:55:47.713952541
0,1,0,0,0,2023-11-26 21:10:31.259334803
0,0,0,1,0,2023-11-27 02:39:29.287632704
1,0,0,0,0,2023-11-27 03:09:03.979104996
0,0,1,0,0,2023-11-27 05:28:28.895117760
1,0,0,0,0,2023-11-27 11:45:56.707680941
0,0,0,1,0,2023-11-27 14:19:07.550857306
0,0,0,0,1,2023-11-27 18:25:28.487667084
0,0,0,0,1,2023-11-27 18:59:11.546697378
0,0,0,1,0,2023-11-28 04:25:27.626592398
0,1,0,0,0,2023-11-28 08:19:49.991809845
0,1,0,0,0,2023-11-28 10:31:59.797559023
0,0,0,0,1,2023-11-28 11:41:39.173895359
0,0,0,0,1,2023-11-28 13:12:34.228235245
0,0,0,1,0,2023-11-28 21:47:53.521296023
0,1,0,0,0,2023-11-29 01:05:29.487627745
0,0,0,0,1,2023-11-29 03:10:33.230669737
0,1,0,0,0,2023-11-29 04:19:34.228676796
0,0,0,0,1,2023-11-29 06:49:39.101045847
1,0,0,0,0,2023-11-29 12:09:21.981297016
0,0,1,0,0,2023-11-29 17:11:57.607752085
1,0,0,0,0,2023-11-29 17:31:33.775611877
0,0,0,0,1,2023-11-29 22:35:57.862014532
0,0,1,0,0,2023-11-30 04:28:53.251001358
0,0,1,0,0,2023-11-30 13:08:36.756751537
0,0,0,0,1,2023-11-30 16:34:44.726461649
0,0,0,0,1,2023-11-30 22:16:04.288405418
0,1,0,0,0,2023-12-01 08:12:13.174838543
0,0,0,0,1,2023-12-01 13:24:31.390906096
0,0,0,1,0,2023-12-01 15:47:07.083464146
0,0,0,0,1,2023-12-02 07:52:07.160024881
0,0,0,1,0,2023-12-02 14:58:09.813970327
0,0,0,0,1,2023-12-02 21:08:05.142875910
0,1,0,0,0,2023-12-03 00:04:06.040109158
0,0,0,1,0,2023-12-03 03:14:58.754248142
1,0,0,0,0,2023-12-03 06:28:01.003218174
0,0,0,1,0,2023-12-03 08:44:06.800003529
0,1,0,0,0,2023-12-03 09:10:35.240398884
0,0,0,1,0,2023-12-03 17:38:27.023638487
0,0,0,0,1,2023-12-04 00:07:20.803958416
0,0,0,0,1,2023-12-04 01:33:46.136600971
0,1,0,0,0,2023-12-04 01:35:03.130652427
0,0,1,0,0,2023-12-04 07:37:04.761037827
0,0,0,0,1,2023-12-04 14:21:04.432729244
1,0,0,0,0,2023-12-04 20:18:10.247231007
0,1,0,0,0,2023-12-04 21:14:03.104930162
0,0,0,1,0,2023-12-04 23:14:12.828249216
0,0,0,1,0,2023-12-05 02:05:11.287239075
1,0,0,0,0,2023-12-05 03:59:58.595131636
0,0,0,0,1,2023-12-05 06:57:46.771626949
0,1,0,0,0,2023-12-05 07:10:10.125550269
1,0,0,0,0,2023-12-05 07:23:04.205687284
0,0,0,0,1,2023-12-05 12:08:26.672703028
0,1,0,0,0,2023-12-05 12:31:58.829394579
0,0,0,1,0,2023-12-05 13:20:36.397836685
0,1,0,0,0,2023-12-05 16:58:46.582422733
0,0,1,0,0,2023-12-06 06:38:47.941725731
0,1,0,0,0,2023-12-06 09:40:58.621292353
0,0,1,0,0,2023-12-06 10:10:59.197470427
0,1,0,0,0,2023-12-06 13:42:29.180976868
0,0,1,0,0,2023-12-06 21:06:54.372167110
0,0,0,1,0,2023-12-06 21:31:17.803603649
0,0,0,0,1,2023-12-07 05:34:42.960135698
0,0,1,0,0,2023-12-07 12:40:04.774653435
0,0,1,0,0,2023-12-07 16:16:28.164814711
0,0,0,1,0,2023-12-08 01:03:29.912363291
0,0,1,0,0,2023-12-08 01:51:08.975873709
1,0,0,0,0,2023-12-08 23:35:38.274731636
0,0,0,1,0,2023-12-09 00:12:15.562296867
1,0,0,0,0,2023-12-09 03:12:43.242044926
0,0,0,1,0,2023-12-10 03:52:06.024586916
0,0,1,0,0,2023-12-10 06:30:40.433817387
1,0,0,0,0,2023-12-10 11:37:23.622413635
0,0,1,0,0,2023-12-10 15:42:01.535310030
0,0,0,1,0,2023-12-10 16:46:52.557708740
0,0,1,0,0,2023-12-10 18:48:34.512502670
1,0,0,0,0,2023-12-11 23:54:44.487061977
1,0,0,0,0,2023-12-12 03:56:20.065694809
0,0,1,0,0,2023-12-12 05:04:40.798714161
0,1,0,0,0,2023-12-12 08:07:03.453789473
0,0,0,1,0,2023-12-12 08:56:15.977174282
0,0,0,1,0,2023-12-12 14:12:54.636430264
0,0,1,0,0,2023-12-12 23:27:03.116138935
0,1,0,0,0,2023-12-13 00:22:34.840871572
1,0,0,0,0,2023-12-13 01:16:52.165749788
0,0,0,0,1,2023-12-13 01:46:27.483039618
0,0,0,0,1,2023-12-13 10:57:03.663789749
0,0,1,0,0,2023-12-13 20:25:40.605779171
0,1,0,0,0,2023-12-13 22:36:18.118336201
0,1,0,0,0,2023-12-14 07:37:51.186438322
0,0,0,1,0,2023-12-14 10:38:04.652224302
1,0,0,0,0,2023-12-14 12:03:24.451767683
0,1,0,0,0,2023-12-14 16:21:42.841447592
0,0,0,0,1,2023-12-14 22:17:11.065204620
1,0,0,0,0,2023-12-15 06:20:31.519081831
1,0,0,0,0,2023-12-15 09:32:34.640475988
0,0,1,0,0,2023-12-16 03:26:57.824681044
0,1,0,0,0,2023-12-16 04:35:34.459239960
0,0,1,0,0,2023-12-16 05:37:46.076862097
0,1,0,0,0,2023-12-16 08:44:14.959576607
0,0,0,1,0,2023-12-16 16:33:36.203222990
0,0,1,0,0,2023-12-16 16:40:27.093857288
0,0,1,0,0,2023-12-16 18:35:23.634582520
0,0,0,0,1,2023-12-17 02:00:49.169757843
0,0,1,0,0,2023-12-17 04:32:17.947688103
0,1,0,0,0,2023-12-17 11:34:10.543024540
0,0,0,0,1,2023-12-17 18:48:57.902453423
0,0,1,0,0,2023-12-17 20:46:20.702540398
0,0,1,0,0,2023-12-18 02:11:33.354996204
0,0,0,1,0,2023-12-18 05:01:14.132715701
0,0,1,0,0,2023-12-18 06:26:04.991168737
1,0,0,0,0,2023-12-18 07:53:01.131489038
0,0,0,0,1,2023-12-18 13:30:48.317586899
1,0,0,0,0,2023-12-18 23:58:38.805992603
0,0,0,0,1,2023-12-19 00:11:53.201363802
0,0,0,1,0,2023-12-19 02:41:51.800071001
0,0,1,0,0,2023-12-19 03:52:54.043412447
0,0,1,0,0,2023-12-19 05:27:36.666600466
0,0,1,0,0,2023-12-19 05:49:17.980987310
0,0,0,0,1,2023-12-19 15:12:55.870753527
0,0,1,0,0,2023-12-20 00:59:35.685443878
1,0,0,0,0,2023-12-20 01:06:20.756163359
0,0,1,0,0,2023-12-20 04:16:22.685565233
0,0,0,1,0,2023-12-20 07:58:00.473209858
1,0,0,0,0,2023-12-20 10:13:33.688274145
0,0,1,0,0,2023-12-20 15:26:50.582806826
0,0,1,0,0,2023-12-20 21:19:44.185195684
0,1,0,0,0,2023-12-21 06:51:23.089289427
0,0,0,0,1,2023-12-21 10:33:03.642881870
1,0,0,0,0,2023-12-22 01:01:41.332190990
0,1,0,0,0,2023-12-22 12:03:15.056585550
0,0,0,1,0,2023-12-23 04:11:22.131728887
0,0,0,0,1,2023-12-23 04:29:35.936605692
1,0,0,0,0,2023-12-23 05:22:24.025193453
0,0,1,0,0,2023-12-23 06:01:13.600020647
1,0,0,0,0,2023-12-23 12:01:46.900023222
0,0,1,0,0,2023-12-23 14:38:24.488897800
0,0,0,0,1,2023-12-23 19:05:04.909032583
0,0,1,0,0,2023-12-23 20:13:39.029973507
0,0,0,1,0,2023-12-23 21:06:39.349703312
0,0,1,0,0,2023-12-24 03:51:53.512363672
0,0,0,1,0,2023-12-24 12:55:19.654650688
0,0,0,0,1,2023-12-24 13:23:23.496766806
0,0,0,0,1,2023-12-24 17:43:07.984858513
1,0,0,0,0,2023-12-25 04:42:23.004940033
0,0,0,1,0,2023-12-25 05:08:37.918426514
0,0,0,1,0,2023-12-25 11:03:56.761027813
0,1,0,0,0,2023-12-26 00:43:47.730650425
0,1,0,0,0,2023-12-26 03:22:03.416504383
0,1,0,0,0,2023-12-26 06:31:31.600651026
0,0,1,0,0,2023-12-26 10:26:09.114487648
0,1,0,0,0,2023-12-26 22:41:51.549529552
0,0,0,1,0,2023-12-27 07:02:54.906111002
0,0,1,0,0,2023-12-27 11:41:22.838115215
0,0,0,0,1,2023-12-28 02:38:13.781823874
1,0,0,0,0,2023-12-28 04:20:52.786278248
0,1,0,0,0,2023-12-28 07:02:27.154145002
0,0,0,0,1,2023-12-28 11:15:13.633151293
0,0,0,1,0,2023-12-28 16:51:37.012103081
1,0,0,0,0,2023-12-29 03:16:02.011620522
0,0,0,0,1,2023-12-29 03:30:33.150048733
1,0,0,0,0,2023-12-29 06:10:28.956799746
0,1,0,0,0,2023-12-29 14:28:45.644832611
0,0,0,1,0,2023-12-29 21:42:57.409412146
1,0,0,0,0,2023-12-29 22:03:03.981143713
0,0,0,0,1,2023-12-30 00:49:20.288884878
0,1,0,0,0,2023-12-30 04:11:31.592350245
0,1,0,0,0,2023-12-30 11:29:12.757310152
0,0,0,0,1,2023-12-30 20:27:04.703857183
0,0,0,0,1,2023-12-30 22:22:00.154459715
1,0,0,0,0,2023-12-31 14:49:54.479181767
0,0,1,0,0,2023-12-31 22:33:23.450371027
